"index";"bg_Artist"
0;"Josh Cappel"
0;"Christian Hanisch"
0;"Rgis Moulun"
0;"Chris Quilliams"
0;"Tom Thiel"
1;"Marcel Grber"
1;"Doris Matthus"
1;"Anne Ptzke"
1;"FranzGeorg Stmmele"
1;"KlausJrgen Wrede"
2;"Volkan Baga"
2;"Tanja Donner"
2;"Pete Fenlon"
2;"Jason Hawkins"
2;"Michaela Kienle"
2;"Harald Lieske"
2;"Michael Menzel"
2;"Marion Pott"
2;"Matt Schwabel"
2;"Franz Vohwinkel"
2;"Stephen Graham Walsh"
3;"Dimitri Chappuis"
3;"Miguel Coimbra"
3;"Etienne Hebinger"
3;"Cyril Nouvel"
4;"Matthias Catrein"
4;"Julien Delval"
4;"Tomasz Jedruszek"
4;"Ryan Laukat"
4;"MarcelAndr Casasola Merkle"
4;"Claus Stephan"
4;"Christof Tisch"
5;"Isaac Fryxelius"
6;"Cyrille Daujean"
7;"Stphane Gantiez"
7;"Tom Kuerovsk"
7;"Filip Murmak"
9;"Philippe Gurin"
10;"Jakub Rozalski"
11;"Pascal Quidault"
11;"Abbas Amirabadi"
11;"Mahmoud Arasteh Nasab"
12;"Klemens Franz"
16;"Ana Maria Martinez Jaramillo"
16;"Natalia Rojas"
16;"Greg May"
16;"Beth Sobel"
17;"Gabriel Butik"
17;"Romain Gaschet"
17;"Paul Mafayon"
17;"Igor Polouchine"
17;"Benjamin Raynal"
17;"JeanBaptiste Reynaud"
17;"Jonathan Silvestre"
17;"Rgis Torres"
17;"Anthony Wolff"
18;"Kali Fitzgerald"
18;"Andrew Hepworth"
18;"Jeff Himmelman"
18;"John Kovalic"
18;"Nina Matsumoto"
18;"Robb Miller"
18;"Ken Niimura"
18;"Noboru Sugiura"
18;"Yating Sun"
18;"Tanaka Hirotaka"
19;"Domonkos Bence"
19;"Antonio Dessi"
19;"LarsArne Maura Kalusky"
19;"Prapach Lapamnuaysap"
20;"Marie Cardouat"
21;"Rex Lee"
21;"Jolanta Lendzioszek"
21;"Gru Tsow"
23;"Alexandr Elichev"
23;"Josh T McDowell"
23;"Alvaro Nebot"
24;"Jesper Ejsing"
24;"Bruno Faidutti"
24;"Didier Graffet"
24;"Bjarne Hansen"
24;"Darrell Hardy"
24;"Florence Magnin"
24;"JeanLouis Mourier"
24;"Scott Nicely"
24;"Hassan Nozadian"
24;"Christian T Petersen"
24;"Brian Schomburg"
24;"Richard Spicer"
25;"Martin Hoffmann"
25;"Mirko Suzuki"
26;"Eric Belisle"
26;"Steven Belledin"
26;"Zoltan Boros"
26;"Noah Bradley"
26;"Eric Deschamps"
26;"Wayne England"
26;"Tony Foti"
26;"Todd Harris"
26;"Ralph Horsley"
26;"Tyler Jacobson"
26;"Ron Lemen"
26;"Howard Lyon"
26;"Warren Mahy"
26;"Patrick McEvoy"
26;"Jim Nelson"
26;"William OConnor"
26;"Adam Paquette"
26;"Lucio Parrillo"
26;"Dave Rapoza"
26;"Richard Sardinha"
26;"Mike Schley"
26;"Andrew Silver"
26;"Anne Stokes"
26;"Gbor Szikszai"
26;"Matias Tapia"
26;"Kevin Walker"
26;"Tyler Walpole"
26;"Eva Widermann"
26;"Eric Williams I"
26;"Matt Wilson I"
26;"Sam Wood"
26;"Ben Wootten"
26;"James Zhang"
29;"C B Canga"
30;"Alex Fernandez I"
30;"Edwin Huang"
30;"Ian McGinty"
30;"Heather Oliver"
30;"Philip Reed"
30;"Gabby Ruenes"
31;"Viktor Csete"
31;"Rodger B MacGowan"
31;"Chechu Nieto"
31;"Guillaume Ries"
31;"Mark Simonitch"
32;"Vincent Dutrait"
32;"Alexandre Roche"
33;"Dennis Lohausen"
34;"Antoine Bauza"
34;"Grald Guerlais"
34;"Albertine Ralenti"
35;"David Richards"
35;"Fernanda Surez"
35;"Peter Wocken"
36;"Dennis Crabapple McClain"
36;"Christopher Moeller"
36;"Peter Whitley"
37;"Frderic Bertrand"
37;"Marek Blha"
37;"Andrea Boekhoff"
37;"Oliver Freudenreich"
37;"Inge George"
37;"Guido Hoffmann"
37;"Alexander Jung"
37;"Atelier Lwentor"
37;"Bjrn Pertoft"
37;"Uwe Rosenberg"
37;"Johann Rttinger"
37;"Barbara Stachuletz"
37;"Markus Wagner"
38;"Anke Pohl"
38;"Thilo Rick"
39;"Behnam Balali"
39;"Luis Francisco"
39;"Stephanie Gustafsson"
39;"Andrew Higgins"
39;"Alexandr Kiselev"
39;"Tomasz Larek"
39;"Jarek Noco"
39;"Guillermo H Nuez"
39;"Weberson Santiago"
39;"Alejo Vigliani"
39;"Uros Vuckovic"
40;"Nan Rangsima"
40;"Tobias Schweiger"
40;"Phil WalkerHarding"
41;"Vito Gesualdi"
42;"Henning Ludvigsen"
42;"Thierry Masson"
42;"Mike McVey"
42;"Adrian Smith"
43;"Cyril Bouquet"
43;"Hervine Galliou"
44;"Nicolas Fructus"
44;"Picksel"
44;"Yuio"
45;"Jacqui Davis"
45;"David Montgomery"
46;"Tomasz Bentkowski"
46;"Mateusz Bielski"
46;"Jerzy Ferdyn"
46;"Mateusz Kopacz"
46;"Mateusz Lenart"
46;"Dominic Mayer"
46;"Maciej Mutwil"
46;"Zhao Run Quan"
46;"Rafa Szyma"
46;"Piotr Saby"
46;"Ignacy Trzewiczek"
46;"Micha J Zieliski"
47;"Luis Franco"
47;"Piotr Haraszczak"
47;"Jihoon Jang"
47;"Maryam Khatoon"
47;"Jordy Knoop"
47;"Vinh Mac"
47;"Alex Murur"
47;"George Patsouras"
47;"Michael Rasmussen"
47;"Jordan Saia"
47;"Luis Thomas"
48;"Anders Finr"
48;"Rafa Hrynkiewicz"
48;"Richard Launius"
48;"Kurt Miller"
48;"Vlad Ricean"
48;"Kevin Wilson"
49;"Igor Burlakov"
49;"Xavier Collette"
49;"Oleksandr Nevskiy"
49;"Oleg Sidorenko"
50;"Jason Behnke"
50;"Loc Berger"
50;"Loc Billiau"
50;"Kat G Birmelin"
50;"Cari Corene"
50;"Lucas Durham"
50;"Rocky Hammer"
50;"Sydni Kruger"
50;"Nolan Nasser"
50;"Jorge Ramos"
50;"Adam Rebottaro"
50;"Moro Rogers"
50;"Graham Sternberg"
50;"Shane Tyree"
50;"Joshua Wright I"
51;"Kyle Ferrin"
52;"Clment Masson"
53;"Christopher Hosch"
53;"Marcin Jakubowski"
53;"Ignacio Bazn Lazcano"
53;"Mercedes Opheim"
53;"Zoe Robinson"
53;"Evan Simonet"
54;"Andrew Bosley"
54;"Dann May"
55;"Victor Adame"
55;"Miao Aili"
55;"Randis Albion"
55;"Rob Alexander"
55;"James Allen I"
55;"Dave Allsop"
55;"Scott Altmann"
55;"Ian Edward Ameling"
55;"Eric David Anderson"
55;"Chris J Anderson"
55;"Dana Andrews"
55;"Glen Michael Angus"
55;"Chris Appelhans"
55;"Steve Argyle"
55;"Randy AsplundFaith"
55;"Janet Aulisio"
55;"John Avon"
55;"Daren Bader"
55;"Scott Bailey"
55;"Drew Baker"
55;"Qi Baocheng"
55;"Julie Baroh"
55;"Tom Baxa"
55;"Edward Beard"
55;"Jr"
55;"Patrick Beel"
55;"Melissa Benson"
55;"James Bernardin"
55;"Michael Bierek"
55;"Kristen Bishop"
55;"Joel Biske"
55;"Simon Bisley"
55;"Robert Bliss"
55;"Johann Bodin"
55;"Peter Bollinger"
55;"John Bolton"
55;"Paul Bonner"
55;"Aaron Boyd"
55;"Whit Brachna"
55;"Jacques Bredy"
55;"Aleksi Briclot"
55;"Mark Brill"
55;"Kev Brockschmidt"
55;"Gerald Brom"
55;"Sue Ellen Brown"
55;"Ron Brown"
55;"Cornelius Brudi"
55;"Michael Bruinsma"
55;"Catherine Buck"
55;"Christopher Burdett"
55;"Wesley Burt"
55;"Jeffrey R Busch"
55;"Clyde Caldwell"
55;"Matt Cavotta"
55;"Clint Cearley"
55;"Paul Chadwick"
55;"Doug Chaffee"
55;"Jason Chan I"
55;"David Cherry"
55;"Jin Chiaki"
55;"Ron Chironna"
55;"Christine Choi"
55;"Scott Chou"
55;"Wang Chuxiong"
55;"Ciruelo"
55;"Trevor Claxton"
55;"D J ClelandHura"
55;"Bud Cook"
55;"Mitch Cotie"
55;"John Coulthart"
55;"Carl Critchlow"
55;"jD"
55;"Daarken"
55;"Qiao Dafu"
55;"Liz Danforth"
55;"Stephen A Daniele"
55;"Mike Danza"
55;"Geof Darrow"
55;"Al Davidson"
55;"David Day"
55;"Nelson DeCastro"
55;"Blackie del Rio"
55;"Thomas Denmark"
55;"Ai Desheng"
55;"Brian Despain"
55;"Dennis Detwiller"
55;"Dave DeVries"
55;"Chris Dien"
55;"Tony DiTerlizzi"
55;"Kevin Dobler"
55;"Dom"
55;"Dominick Domingo"
55;"John Donahue"
55;"William Donohoe"
55;"Brandon Dorman"
55;"Dave Dorman"
55;"Dan Dos Santos"
55;"Mike Dringenberg"
55;"Brian Chippy Dugan"
55;"Brian Durfee"
55;"Jeff Easley"
55;"Cole Eastburn"
55;"Robert Eggleton"
55;"Randy Elliott"
55;"Steve Ellis I"
55;"Larry Elmore"
55;"Tristan Elwell"
55;"Rick Emond"
55;"Jeremy Enecio"
55;"Jason Engle"
55;"James Ernest"
55;"Vincent Evans"
55;"Glenn Fabry"
55;"Patrick Faricy"
55;"Rick Farrell"
55;"Jason Felix"
55;"Wang Feng"
55;"Richard Kane Ferguson"
55;"Cecil Fernando"
55;"Fred Fields"
55;"Steve Firchow"
55;"Scott Fischer"
55;"Marc Fishman"
55;"Tom Fleming"
55;"Kaja Foglio"
55;"Phil Foglio"
55;"Eric Fortune"
55;"Jon Foster"
55;"Anthony Francisco"
55;"Carl Frank"
55;"Dan Frazier"
55;"Frank Kelly Freas"
55;"Massimilano Frezzato"
55;"Una Fricker"
55;"J W Frost"
55;"Ted Galaday"
55;"John Gallagher"
55;"Randy Gallegos"
55;"Sandra Garavito"
55;"Kevin Garletts"
55;"Daniel Gelon"
55;"Donato Giancola"
55;"Thomas Gianni"
55;"Gary Gianni"
55;"Charles Gillespie"
55;"Tomas Giorello"
55;"Erik Gist"
55;"Andrew Goldhawk"
55;"Rob Gonsalves"
55;"Gerry Grace"
55;"Lucas Graciano"
55;"Adi Granov"
55;"Lars GrantWest"
55;"D Alexander Gregory"
55;"Stuart Griffin"
55;"Yang Guangmai"
55;"Rebecca GuayMitchell"
55;"Brian Hagan"
55;"Kunio Hagio"
55;"Joshua Hagler"
55;"Trevor Hairsine"
55;"Nils Hamm"
55;"Justin Hampton"
55;"Scott Hampton"
55;"YeongHao Han"
55;"Fred Harper"
55;"Lou Harrison"
55;"Mark Harrison"
55;"Michael C Hayes"
55;"Don Hazeltine"
55;"Nathalie Hertz"
55;"Carol Heyer"
55;"Henry Higgenbotham"
55;"Tim Hildebrandt"
55;"Greg Hildebrandt"
55;"Yoshino Himori"
55;"David Ho"
55;"Yang Hong"
55;"Craig Hooper"
55;"Fred Hooper"
55;"Quinton Hoover"
55;"Alex Horley"
55;"Daniel Horne"
55;"David Horne"
55;"Brian Horton"
55;"John Howe"
55;"Austin Hsu"
55;"David Hudnut"
55;"Heather Hudson"
55;"Shang Huitong"
55;"Mark Hyzer"
55;"Junichi Inoue"
55;"Ironbrush"
55;"Ittoku"
55;"Hiro Izawa"
55;"Izzy"
55;"Hugh Jamieson"
55;"Jeremy Jarvis"
55;"Jiaming"
55;"He Jiancheng"
55;"Liu Jianjian"
55;"Gao Jianzhang"
55;"Zhang Jiazhen"
55;"Kari Johnson"
55;"Janine Johnston"
55;"Miles Johnston"
55;"Fay Jones"
55;"Jaime Jones"
55;"Goran Josic"
55;"Qin Jun"
55;"Michael Kaluta"
55;"Kerstin Kaman"
55;"Yokota Katsumi"
55;"Tsutomu Kawade"
55;"James Kei"
55;"Doug Keith"
55;"Dave Kendall"
55;"Mike Kerr"
55;"Igor Kieryluk"
55;"Mike Kimble"
55;"Hannibal King"
55;"Scott Kirschner"
55;"Brandon Kitkouski"
55;"Nic Klein"
55;"Patrick Kochakji"
55;"Michael Koelsch"
55;"KOJI"
55;"Michael Komarck"
55;"Cos Koniotis"
55;"Karl Kopinski"
55;"Kekai Kotaki"
55;"Vance Kovacs"
55;"Yang Jun Kwon"
55;"Tom Kyffin"
55;"Ray Lago"
55;"Clint Langley"
55;"Jeff Laubenstein"
55;"Jennifer Law"
55;"Stephanie PuiMun Law"
55;"Alton Lawson"
55;"Khang Le"
55;"Garry Leach"
55;"April Lee"
55;"Pat Lee"
55;"Paul Lee"
55;"Alayna LemmerDanner"
55;"Nicola Leonard"
55;"LHQ"
55;"Daniel Ljunggren"
55;"Todd Lockwood"
55;"Lubov"
55;"Chuck Lukacs"
55;"Steve Luke"
55;"Rebekah Lynn"
55;"Larry MacDougall"
55;"Colin MacNeil"
55;"Corey Macourek"
55;"Anson Maddocks"
55;"John Malloy"
55;"Sawomir Maniak"
55;"Thomas Manning"
55;"Dylan Martens"
55;"David Martin II"
55;"Stephan Martiniere"
55;"John Matson"
55;"Val Mayerik"
55;"Cristina McAllister"
55;"Iain McCaig"
55;"Sean McConnell"
55;"Chengo McFlingers"
55;"Martin McKenna"
55;"Harold Arthur McNeill"
55;"Vronique Meignaud"
55;"Jeff Menges"
55;"Ken Meyer"
55;"Ian Miller"
55;"Jeff Miracola"
55;"Matthew Mitchell"
55;"Cara Mitten"
55;"Peter Mohrbacher"
55;"Malcolm David Monette"
55;"Monte Moore"
55;"Pat Morrissey"
55;"Philip Mosness"
55;"Craig Mullins"
55;"Kevin A Murphy"
55;"Scott Murphy"
55;"Justin Murray"
55;"Andrew Murray"
55;"Jim Murray"
55;"Jon J Muth"
55;"Jesper Myrfors"
55;"Ted Naifeh"
55;"Sun Nan"
55;"Marco Nelor"
55;"Mark A Nelson"
55;"James Nelson"
55;"Winona Nelson"
55;"Jeff Nentrup"
55;"Terese Nielsen"
55;"Cliff Nielsen"
55;"Justin Norman"
55;"Nottsuo"
55;"David OConnor"
55;"Syuichi Obata"
55;"Kensuke Okabayashi"
55;"Okera"
55;"Ariel Olivetti"
55;"Margaret OrganKean"
55;"Dany Orizio"
55;"Jen Page"
55;"James Paick"
55;"Efrem Palacios"
55;"David Palumbo"
55;"Anthony Palumbo"
55;"Ryan Pancoast"
55;"Paolo Parente"
55;"Jung Park"
55;"Keith Parkinson"
55;"Jim Pavelec"
55;"Nick Percival"
55;"Omaha Perez"
55;"Eric Peterson"
55;"Bob Petillo"
55;"Michael Phillippi"
55;"Martina Pilcerov"
55;"Mike Ploog"
55;"Zak Plucinski"
55;"Eric Polak"
55;"Alan Pollack"
55;"Mark Poole"
55;"R K Post"
55;"Dermot Power"
55;"George Pratt"
55;"Steve Prescott"
55;"Vincent Proce"
55;"Puddnhead"
55;"Huang Qishi"
55;"Mike Raabe"
55;"Isabelle Rabarot"
55;"Alan Rabinowitz"
55;"Fredrik Rahmqvist"
55;"Chris Rahn"
55;"Kathryn Rathke"
55;"Roger Raupp"
55;"Omar Rayyan"
55;"Dom  Reardon"
55;"Jeff Reitz"
55;"Jeff Remmer"
55;"Adam Rex"
55;"Wayne Reynolds"
55;"Esad Ribic"
55;"Darrell Riche"
55;"Brad Rigney"
55;"Franco Rivolli"
55;"Tony Roberts"
55;"Andrew Robinson"
55;"Mark Romanoski"
55;"Romas"
55;"Mark Rosewater"
55;"JeanSebastien Rossbach"
55;"Gary Rudell"
55;"Robh Ruppel"
55;"Christopher Rush"
55;"Andi Rusu"
55;"Michael G Ryan"
55;"James Ryman"
55;"Mitsuaki Sagiri"
55;"Mike Sass"
55;"Zina Saunders"
55;"Jana Schirmer"
55;"Dan Scott"
55;"Dan Seagrave"
55;"David Robyn Seeley"
55;"Liu Shangying"
55;"Liam Sharp"
55;"Kuang Sheng"
55;"Song Shikai"
55;"Shishizaru"
55;"Doug Shuler"
55;"Bill Sienkiewicz"
55;"Greg Simanson"
55;"Marc Simonetti"
55;"William Simpson"
55;"Mark Simpson II"
55;"Larry Snelly"
55;"Brian Snoddy"
55;"Ding Songjian"
55;"Greg Spalenka"
55;"Ron Spears"
55;"Ron Spencer"
55;"Terry Springer"
55;"John Stanko"
55;"Greg Staples"
55;"Matthew Stawicki"
55;"Darbury Stenderu"
55;"Matt Stewart"
55;"Philip Straub"
55;"Michael Sutfin"
55;"Raymond Swanland"
55;"Justin Sweet"
55;"Arnie Swekel"
55;"Tony Szczudlo"
55;"Junko Taguchi"
55;"Hideaki Takamura"
55;"Bryan Talbot"
55;"Xu Tan"
55;"Zhao Tan"
55;"Philip Tan I"
55;"Hiroshi Tanigawa"
55;"Stephen Tappin"
55;"Mark Tedin"
55;"Nn Thomas"
55;"Joel Thomas"
55;"Richard Thomas I"
55;"Ruth Thompson"
55;"Ben Thompson"
55;"Matt Thompson"
55;"Li Tie"
55;"Cai Tingting"
55;"Jerry Tiritilli"
55;"Junior Tomlin"
55;"Francis Tsai"
55;"Drew Tucker"
55;"Charles Urbach"
55;"Susan Van Camp"
55;"Cyril Van Der Haegen"
55;"Henry van der Linde"
55;"Svetlin Velinov"
55;"Pete Venters"
55;"Diana Vick"
55;"Marcelo Vignali"
55;"Rogrio Vilela"
55;"Sal Villagran"
55;"Erik Von Lehmann"
55;"Johannes Voss"
55;"Bryon Wackwitz"
55;"Ron Walotsky"
55;"Stephen Walsh"
55;"Shelly Wan"
55;"Tom Wnerstrand"
55;"Li Wang"
55;"Anthony Waters"
55;"Michael Weaver"
55;"Amy Weber"
55;"Jack Wei"
55;"Chen Weidong"
55;"Kipling West"
55;"Michael Whelan"
55;"Steve White"
55;"Richard Whitters"
55;"L A Williams"
55;"Brad Williams"
55;"Allen Williams"
55;"Dameon Willich"
55;"Jarreau Wimberly"
55;"Jim Wong"
55;"Ash Wood"
55;"Richard Wright"
55;"Tang Xiaogu"
55;"Li Xiaohua"
55;"Xu Xiaoming"
55;"Qu Xin"
55;"Quan Xuejun"
55;"Ku Xueming"
55;"Gao Yan"
55;"Lin Yan"
55;"Hong Yan"
55;"Erica Yang"
55;"Kieran Yanner"
55;"Ryan Yee"
55;"Solomon Au Yeung"
55;"Ji Yong"
55;"Li Youliang"
55;"Li Yousong"
55;"Kang Yu"
55;"Fang Yue"
55;"Min Yum"
55;"Wang Yuqun"
55;"John Zeleznik"
55;"ZENTOYO"
55;"Jiang Zhuqing"
55;"Luca Zontini"
55;"Mark Zug"
56;"Andreas Resch"
57;"Wolfgang Warsch"
58;"Rayph Beisner"
58;"Raul Ramos"
58;"Nate Storm"
59;"Milan Vavro"
60;"Kevin Childress"
60;"WiL Springer"
61;"Marina Fahrenbach"
61;"Mac Gerdts"
61;"Dominik Mayer"
62;"Lina Cossette"
62;"David Forest"
64;"John Yianni"
65;"David Griffith"
65;"Ed Mattinian"
65;"Dallas Mehlhoff"
65;"Emilio Rodriguez"
65;"Magali Villeneuve"
65;"Drew Whitmore"
66;"Uncredited"
67;"John Guytan"
67;"Lorraine Schleter"
67;"David Sladek"
68;"Paolo Chiari"
68;"Honor Daumier"
68;"Peter Ganine"
68;"F Lanier Graham"
68;"Gnter Griebel"
68;"Jutta Griebel"
68;"Rafael Guigou"
68;"Karim Rashid"
68;"Nstor Romeral Andrs"
68;"J R R Tolkien"
69;"Edison Girard"
70;"Radim Pech"
71;"Joshua J Stewart"
73;"Jrg Asselborn"
73;"Jo Hartwig"
73;"Patricia Limberger"
74;"Javier Gonzlez Cava"
75;"Cristi Balanescu"
75;"Yoann Boissonnet"
75;"Corey Konieczka"
75;"Jacob Murray"
76;"Marco Armbruster"
76;"Sensit Communication GmbH"
77;"J Lonnee"
77;"Chris Raimo"
78;"Damien Mammoliti"
79;"Nan Sumana"
80;"Andrew Navaro"
80;"Ryan Barger"
80;"Felicia Cano"
80;"Sabe Lewellyn"
81;"Noboru Hotta"
81;"Ian Parovel"
83;"C Leslie Crandall"
85;"Frderic Moyersoen"
86;"Stefano de Fazi"
86;"Alessandro Pierangelini"
88;"Bruno Balixa"
88;"Ralph Beisner"
88;"Del Borovic"
88;"Adam S Doyle"
88;"Amelie Hutt"
88;"Thomas Lishman"
88;"Adam Schumpert"
88;"Mark Anthony Taduran"
88;"Matt Zeilinger"
89;"HansGeorg Schneider"
90;"Tyler Edlin"
91;"Jordi Valbuena"
92;"Cyril Demaegd"
92;"Arnaud Demaegd"
92;"Mike Doyle I"
93;"Don Perrin"
93;"Claude Rica"
94;"Matt Allsopp"
94;"David Ardila"
94;"Balaskas"
94;"Tiziano Baracchi"
94;"Jorge Barrero"
94;"Cassandre Bolan"
94;"Jon Bosco"
94;"Matt Bradbury"
94;"Adam Burn"
94;"Alexandre Dainche"
94;"Christina Davis"
94;"Anthony Devine"
94;"Allen Douglas"
94;"Jose Mikhail Elloso"
94;"Michele Frigo"
94;"Mariusz Gandzel"
94;"Zach Graves"
94;"Richard Hanuschek"
94;"Andrew Johanson"
94;"Jeff Lee Johnson"
94;"Jason Juta"
94;"Adam Lane"
94;"Ralph McQuarrie"
94;"Mark Molnar"
94;"Jake Murray"
94;"Ameen Naksewee"
94;"David Auden Nash"
94;"Mike Nash"
94;"Maciej Rebisz"
94;"Alexandru Sabo"
94;"Tony Shasteen"
94;"Samuel R Shimota"
94;"Stephen Somers"
94;"Matthew Starbuck"
94;"Nicholas Stohlman"
94;"Angela Sung"
94;"Darren Tan"
94;"Ryan Valle"
94;"Jose Vega"
94;"VIKO"
94;"Jacob Walker"
94;"Ben Zweifel"
95;"Jakub Politzer"
96;"Matthew Inman"
96;"Elan Lee"
96;"Shane Small"
97;"Ossi Hiekkala"
97;"Sampo Siki"
98;"scar Aguado"
98;"Mohammad Amir Garoosian"
98;"Alvin Madden"
98;"Gil Martimiano"
98;"Emilien Rotival"
98;"Catell Ruz"
98;"Klaus Wilinski"
99;"Bascu"
99;"Christine Conrad"
99;"Ricarda Thiel"
102;"Ben Carre"
102;"David Lecossu"
103;"Cathy Brigg"
103;"Imelda Vohwinkel"
104;""
105;"Ondej Hrdina"
105;"Ji Ks"
105;"Frantiek Sedlek"
106;"Conceptopolis"
106;"Francisco Rico Torres"
109;"Alan D Hoch"
111;"Timur Baskakov"
111;"Design Edge"
111;"Bill Herrin"
111;"Gatis Sluka"
112;"Shepard Fairey"
112;"Keith Haring"
112;"Kinetic"
112;"Jeff Kinney"
112;"Warleson Oliveira"
112;"Merle Robbins"
112;"Orlando Villagran"
113;"Anne Heidsieck"
114;"Gus Batts"
115;"Alex Aparin"
115;"Devon CaddyLee"
115;"Sylvain Decaux"
115;"Tod Gelle"
115;"Charlne le Scanff"
115;"Sandara Tang"
115;"Allison Theus"
116;"Sacha Angel Diener"
116;"Blake Henriksen"
116;"Lucasfilm Ltd"
116;"Jorge Maese"
117;"Keith Curtis"
117;"Agnieszka Dabrowiecka"
117;"Ollin Timm"
119;"Clay Brooks"
121;"Xavier Gueniffey Durin"
122;"Ted Alspach"
122;"Taylor Bogle"
122;"Jason Boles"
122;"Alanna Kelsey"
122;"Brett Stebbins"
123;"Peter Bergting"
123;"Bob Carasca"
123;"Jennifer Lathrop"
123;"Paul Sottosanti"
124;"David Ausloos"
124;"Julian CourtlandSmith"
124;"JeanBrice Dugait"
124;"Andrew White"
125;"Mihajlo Dimitrievski"
128;"Rgis Bonnesse"
129;"Jarosaw Marcinek"
130;"Mackenzie Schubert"
133;"Even Mehl Amundsen"
133;"Erfian Asafat"
133;"Sara Biddle"
133;"Leonardo Borazio"
133;"Marco Caradonna"
133;"Anna Christenson"
133;"West Clendinning"
133;"Nicholas Cloister"
133;"Soul Core"
133;"Katherine  Dinger"
133;"Loren Fetterman"
133;"Tom Garden"
133;"Kristina Gehrmann"
133;"Margaret Hardy"
133;"Ijur"
133;"Dominik Kasprzycki"
133;"Kaya"
133;"Mathias Kollros"
133;"Lius Lasahido"
133;"Daryl Mandryk"
133;"Andrew Olson"
133;"Gabrielle Portal"
133;"Rio Sabda"
133;"Amanda Sartor"
133;"Marc Scheff"
133;"Alexandr Shaldin"
133;"Florian Stitz"
133;"Nikolay Stoyanov"
133;"Fredrik Tyskerud"
133;"Santiago Villa"
133;"Frank Walls"
133;"Jason Ward"
133;"John Wigley"
133;"Mark Winters"
133;"Jen Zee"
135;"Arden Beckwith"
135;"Rovina Cai"
135;"Joel Hustak"
135;"Michal Ivan"
135;"David Kegg"
135;"Brynn Metheney"
136;"Riccardo Pieruccini"
138;"Gavan Brown"
138;"Peter Dennis"
138;"Eckhard Freytag"
140;"Francesca Baerald"
140;"David Demaret"
141;"Oliver Schlemmer"
143;"Julius Abrea"
143;"Will Conrad"
143;"Bien Flores"
143;"Katrina Mae Hao"
143;"Ray Anthony Height"
143;"Tony Kordos"
143;"The Marvel Bullpen"
143;"Jay David Ramos"
143;"Nigel Raynor"
143;"Kevin Sharpe"
143;"Brian Tots Valerz"
144;"Piotr Foksowicz"
144;"Patryk Jdraszek"
144;"Ewa Labak"
144;"Andrzej Ptoranos"
146;"Juliet Breese"
146;"Jo Breese"
146;"Gemma Tegelaers"
148;"Lucas Ribeiro"
149;"David Cochard"
150;"Franois Bruel"
150;"Bernd Natke"
151;"Pier"
152;"Allison Kline"
152;"Gahyun Lee"
152;"Ian OToole"
152;"Tiago Sousa"
154;"Sabrina Miramon"
156;"Ludovic Roudy"
157;"Sergey Dulin"
157;"Uildrim"
158;"Jana Kilianov"
158;"Filip Neduk"
158;"Michal Suchnek"
160;"Leon Schiffer"
161;"Guido Favaro"
161;"Michael Schacht"
161;"Oksana Svistun"
162;"Bartek Jdrzejewski"
162;"Chad Jensen"
162;"Tomek Zarucki"
163;"Bernard Bittler"
163;"Nils Gulliksson"
163;"Neriac"
163;"Stefan Thulin"
164;"Marcin Adamski"
164;"Tommy Ng"
164;"Ari Wong"
165;"Carole Carrion"
165;"Manuel Carvalho"
165;"Chen Chengpo"
165;"Paul Laane"
165;"Ramon Martins"
165;"Daniel Melim"
165;"Rafael Silveira"
165;"Sigrid Thaler"
165;"Zeilbeck  Natzeck Design Company"
166;"Scott Okumura"
168;"Christophe Swal"
169;"Taira Akitsu"
170;"Mad4GameStyle"
172;"Peter Dobbin"
172;"Ren Goscinny"
172;"Matt Groening"
172;"Rune Johansson"
172;"Stephen Millingen"
172;"Drew Struzan"
172;"Albert Uderzo"
172;"Urs Waldvogel"
173;"Robert Islas"
174;"David Cicurel"
174;"Matijos Gebreselassie"
174;"Mateusz Komada"
174;"Katarzyna Kosobucka"
176;"Scott Schomburg"
177;"ric Azagury"
177;"Florian Poullet"
178;"Jun Kondo"
178;"Mariusz Szmerdt"
180;"Edgar Skomorowski"
181;"Richard Cortes"
181;"Paul Niemeyer"
182;"Klaus Teuber"
183;"Gyom"
184;"Ervin"
184;"Sabrina Tobal"
185;"Biboun"
187;"Nicolas Caniaux"
187;"Stphane Poinsot"
187;"Arnaud SimonLaforet"
188;"Rose Kipik"
188;"Thomas Vuarchex"
189;"JJ Ariosa"
189;"Chad Hoverter"
190;"William Bricker"
192;"Mathieu Leyssenne"
196;"Dimitri Bielak"
196;"mile Denis"
198;"douard Guiton"
198;"Mathieu Harlaut"
198;"Eric Nouhaut"
199;"Cdric Chevalier"
207;"Ral Castellanos"
207;"Michael Hays"
207;"Naomi Kageyama"
207;"Andrew Looney"
207;"Barbara Spelger"
208;"Iris de Haan"
208;"Ynze Moedt"
211;"Odysseas Stamoglou"
213;"FiftyNine Parks Print Series"
214;"Roland MacDonald"
215;"Alanna Cervenak"
215;"Carl Chudyk"
215;"Cara Judd"
215;"Robin Olausson"
215;"Anders Olausson"
217;"Steve Finn"
218;"Fabien Fulchiron"
218;"NILS"
218;"Manuel Sanchez"
220;"Giulia Ghigini"
221;"Fabio Maiorana"
221;"Simone Peruzzi"
221;"Nick Whyles"
223;"Rom Brown"
226;"Barbro Hennius"
226;"Norman Sommer"
227;"Jim FitzPatrick"
228;"Danny Beck"
228;"Tysen Henderson"
229;"Gong Studios"
231;"Denis Blanchot"
231;"Ingrid Vang Nyman"
231;"Peyo"
232;"Erika BinzBlanke"
232;"Rene Habermacher"
232;"Thomas Weiss"
232;"Torsten Wolber"
232;"Ugurcan Yce"
233;"Joe Van Wetering"
236;"Jose David Lanza Cebrian"
236;"Vctor Prez Corbella"
237;"Sbastien Lamirand"
237;"Alexey Yakovlev"
238;"Heiko Gnther"
238;"Gabriel Laulunen II"
238;"Ronan Le Matre"
238;"Walter Pepperle"
238;"Arnold Reisse"
238;"Atelier Wilinski"
240;"Micha Hertzano"
240;"Michael Rttinger"
240;"Sawek Wiechowski"
242;"Beau Buckley"
242;"Francisco Coda"
242;"Katrina Guillermo"
242;"Kyle Merritt"
242;"David Nyari"
242;"Alexander Olsen"
242;"Andres Sanabria"
243;"Atanas Lozanski"
246;"Alejandro Gutirrez Franco"
246;"Simon Jannerland"
246;"R C Torres"
248;"Justin De Witt"
248;"Tad Lambert"
249;"Giorgio De Michele"
249;"Catherine Hamilton"
249;"Jacoby OConnor"
250;"Randy Delven"
250;"Antonis Papantoniou"
252;"Jere Kasanen"
253;"Bluguy"
255;"Paul Windle"
256;"Tim ArneyONeil"
257;"Wolfgang Kramer"
257;"Mirco Paganessi"
257;"Lukas Siegmon"
257;"Richard Ulrich"
258;"Gianluca Santopietro"
259;"Dragolisco"
259;"Frank West"
260;"Dave Aikins"
261;"Vill Farkas"
261;"Lszl Fejes"
261;"Laslo Forgach"
261;"Mrton Gyula Kiss"
261;"Pter Meszlnyi"
262;"Piotr Burzykowski"
262;"Karim Chakroun"
262;"Ross Grams"
262;"Mark Maxwell"
263;"Michelle Nephew"
263;"J Scott Reeves"
263;"Todd Remick"
264;"Atha Kanaani"
266;"DesignMain"
266;"Annemarie van Lierop"
266;"Marianne Riem"
267;"Steffen Bieker"
269;"Allison Litchfield"
269;"Orlando Ramirez"
270;"Jrmy Masson"
272;"Maisherly"
272;"Mashiro Misaki"
274;"Massimiliano Bertolini"
274;"Marjorie Davis"
274;"Jeremy McHugh"
274;"Sean Turtle"
274;"Teejay Ralph Villahermosa"
275;"Joshua Gerald Balvin"
275;"Brian Brinlee"
275;"Eric J Carter"
275;"Alex Drummond"
275;"Kim Feigenbaum"
275;"Rick Hershey"
275;"Kieron OGorman"
275;"Tu Peishu"
275;"Marco Primo"
275;"Rom"
275;"Jason Slavin"
275;"Lee Smith"
275;"Jason Snair"
275;"Colin Thorm"
275;"Colin Throm"
276;"Kerri Aitken"
276;"Christine Alcouffe"
276;"Res Brandenberger"
276;"Urs Hostettler"
276;"Valerie Vekemans"
279;"Kwanchai Moriya"
279;"Anthony Wocken"
280;"Piotr Cieliski"
280;"Jakub Jaboski"
280;"ukasz Lalko"
284;"Jack Scott Hill"
285;"Dylan Mangini"
286;"Chris Walton"
287;"Rita se"
287;"Bildgrden AB"
287;"HP Hoff"
287;"Martin Lodewijk"
287;"Heinz Grafische Werke"
287;"Ron Zalme"
288;"Tignous"
289;"Ed Carter"
289;"Valerio Cioni"
289;"Felix Girke"
289;"Igor Wolski"
294;"Ben Nelson"
297;"Fiore GmbH"
297;"Taavi Oolberg"
297;"Charles M Schulz"
298;"Tony Moore"
301;"John Gravato"
303;"Jun Sasaki"
306;"Chris Beck"
308;"Bastien Grivet"
308;"Masato Uesugi"
311;"Kevin Chin"
311;"Nick Ingeneri"
311;"Hctor Ortiz"
311;"Silver Saaremel"
311;"Daniel Xio"
313;"Willem Cornelisz Duyster"
313;"Christian Lacroix"
314;"Blake Beasley"
314;"Hugh Bredin"
314;"Gilles Lautussier"
314;"Guillaume Rohmer"
314;"Allison Shinkle"
315;"Eric Sabee"
317;"Kai Carpenter"
317;"Milivoj Ceran"
317;"Stephen Crowe"
317;"Crut"
317;"Gonzalo Flores"
317;"Pavel Guzenko"
317;"Jorge Lacera"
317;"Christine MacTernan"
317;"Chris Seaman"
317;"Craig J Spearing"
317;"Sarah Stone"
317;"Peter Tikos"
317;"Brian Valenzuela"
319;"Aline Kirrmann"
322;"Jennifer L Meyer"
323;"Pierrick Yakovenko"
324;"Peter Gifford"
324;"Dan Harding"
328;"Gary Chalk"
328;"Max Dunbar"
328;"Les Edwards"
331;"Andreas Hrlin"
331;"Stephen Hillenburg"
331;"illuVision"
331;"Max J Kobbert"
331;"Joachim Krause"
331;"Horst Laupheimer"
331;"Herbert Lentz"
331;"Sybille Ring"
331;"Wolfgang Scheit"
331;"vitaminbede"
333;"Rastislav Le"
335;"Marko Fiedler"
340;"John Langdon"
342;"Frida Lgdberg"
343;"Prospero Hall"
344;"David Oram"
345;"Bruno Cathala"
347;"Mauro Alocci"
347;"Antonio De Luca"
347;"Roman Roland Kuteynikov"
348;"John Goodenough"
349;"Sandra Freudenreich"
352;"Victor Boden"
354;"Charles Woods"
357;"Medusa Dollmaker"
357;"Wesly Gibs"
357;"Dahee Lee"
357;"Yusuke Mamada"
357;"Ulf Marckwort"
359;"Tavis Coburn"
359;"Michael Crampton"
359;"Jason Taylor"
361;"Alberto Bontempi"
361;"Kari Christensen"
361;"Anderson Gaston"
361;"Andrew Hou"
361;"Dan Howard"
361;"Hendry Iwanaga"
361;"Sam Kennedy"
361;"Aaron Miller"
361;"Afif Numbo"
361;"Matt Smith"
361;"Mark E Smith"
361;"Grey Thornberry"
361;"Chase Toole"
362;"Rolf Vogt"
363;"Piotr Gacek"
363;"Maszrum"
363;"Pawe Nizioek"
363;"Micha Oracz"
364;"Gary Simpson"
365;"Philippe des Pallires"
365;"Herv Marly"
365;"Alexios Tjoyas"
366;"Jim Butcher II"
370;"Christopher Chung"
370;"Alexey Kot"
372;"Jeff Brown II"
372;"James Combridge"
372;"Amit Dutta"
372;"Simon Eckert"
372;"Felipe Escobar"
372;"Yogesh C Joshi"
372;"Alex Kim"
372;"William Koh"
372;"Pavel Kolomeyets"
372;"Yong Yi Lee"
372;"Ward Lindhout"
372;"Eddie Mendoza"
372;"Veli Nystrm"
372;"Fernando Olmedo"
372;"Meg Owenson"
372;"Gracjana Zieliska"
373;"Scott Hartman"
374;"Ralf Berszuck"
374;"Storn Cook"
374;"Andrew Gaia"
374;"Katherine Guevara"
374;"Heather Kreiter"
374;"Kiri stergaard Leonard"
374;"Matt Paquette  Co"
374;"Kiki Moch Rizky"
374;"Martin de Diego Sdaba"
378;"Hisashi Hayashi"
378;"Adam P McIver"
378;"Ryo Nyamo"
381;"C Michael Erickson"
381;"Mark Evans I"
381;"Roman Papsuev"
381;"Alexander Petkov"
381;"J P Targete"
381;"Sedone Thongvilay"
381;"Timothy Truman"
385;"Matteo Macchi"
385;"Mizio Mencarini"
385;"Bob Naismith"
386;"Jean du Pol"
387;"Marta Tranquilli"
389;"Silvia Christoph"
390;"Markus Schmuck"
390;"Mia Steingrber"
392;"Anthony Cournoyer"
392;"Octographics"
394;"Alyn Spiller"
396;"Jeremy Deveraturda"
396;"Ryan Johnson"
396;"James Wolf Strehle"
398;"James Provenzale"
399;"Kendra Harrington"
399;"Sandy Nathanson"
399;"Aaron Nathanson"
400;"Jason D Kingsley"
403;"Grard Mathieu"
404;"Ryan Goldsberry"
408;"Sean Brown"
410;"Andrea Cofrancesco"
411;"Daniel Goll"
411;"Tobias Jochinke"
411;"Johannes Sich"
412;"John Austin"
412;"Jared Blando"
412;"Craig Hamilton"
414;"Paul Kidby"
414;"Ian Mitchell"
414;"Bernard Pearson"
416;"Virginia Critchfield"
417;"Reinis Ptersons"
418;"Gaetan Noir"
420;"Will Pitzer"
421;"Thies Schwarz"
423;"Jamey Stegmaier"
426;"Justin Chan"
431;"Hannah Cardoso"
431;"Jlia Ferrari"
431;"Giovanna BC Guimares"
431;"Saeed Jalabi"
432;"Jiahui Eva Gao"
432;"Vipin Alex Jacob"
432;"Roman Kucharski"
432;"TANSAN Inc"
433;"Clay Gardner"
433;"Sergi Marcet"
435;"Michael Peitsch"
437;"Dorien Boekhorst"
437;"Brbel Skarabelo"
437;"Piotr Sokoowski"
438;"Sbastien Caiveau"
440;"Dominique Ehrhard"
440;"Serge Hochain"
440;"Mohammad Noureddine"
442;"lise Plessis"
443;"Hanno Girke"
444;"Sydney Engelstein"
444;"Jacob Fryxelius"
444;"Garrett Kaida"
444;"Nick Little I"
444;"Nio Mendoza"
444;"Justine Nortj"
444;"Naomi Robinson"
444;"Andrei Stef"
445;"Alessandra Cimatoribus"
446;"Christophe Madura"
449;"McCambridge"
449;"Eric Bourgier"
449;"Cari"
449;"Sylvain Guinebaud"
449;"Didier Poli"
449;"Emmanuel Roudier"
449;"Bruno Tatti"
451;"Ed Bourelle"
452;"Fred Jordan"
452;"Paul Kluka"
456;"Gary Baseman"
457;"Aga Jakimiec"
457;"Ewa Kostorz"
460;"Josh J Carlson"
460;"Anthony LeTourneau"
461;"Joshua Panelo"
463;"Donal Hegarty"
466;"Keven Smith"
468;"Isidre Mons"
469;"Lders  Baran"
470;"Randy Asher"
470;"Paul Couture"
470;"Olivier Fagnre"
470;"Nick the Rat"
470;"Peekasso"
470;"Paul T"
470;"Thoren"
470;"Andrea Trewhela"
471;"Zetor"
472;"Cole Wehrle"
473;"Cody Miller"
473;"Steve Coolhand Tyler"
474;"Borja Pindado Arribas"
474;"Colin Boyer"
474;"Mark Bulahao"
474;"J B Casacop"
474;"Aurore Folny"
474;"Caitlin Ginther"
474;"Marko Horvatin"
474;"Audrey Hotte"
474;"ukasz Jasklski"
474;"Yigit Koroglu"
474;"Sam Lamont"
474;"Antonio Jos Manzanedo"
474;"Toujer Moua"
474;"Reiko Murakami"
474;"Michael Silsby"
474;"Jonas Springborg"
474;"Andreia Ugrai"
474;"Jimmy Zhang"
475;"Daniel Solis"
476;"Mariano Iannelli"
476;"Yoko Nachigami"
476;"Satoshi Nakamura"
480;"JeanMarie Minguez"
481;"Sandra Johansson"
481;"Nicolas Neubauer"
483;"Zeen Chin"
483;"Lokman Lam"
483;"Lorinda Tomko"
485;"Richard Lambert"
485;"Sophie Mounier"
485;"Andrew Rilstone"
485;"James Wallis"
486;"Alan R Moon"
487;"Viktor Kobilke"
491;"Antonio Cataln"
491;"Jacob Corn"
492;"Naoki Fukuda"
492;"Gunter Grossholz"
492;"Gou Ikeda"
492;"Hiroyuki Imahori"
492;"Kei Kurosaki"
492;"Hitoshi Nishio"
492;"Hisashi Sawada"
492;"Yuxi Wan"
492;"Yosuke Yamaguchi"
496;"Toni Cittadini"
496;"eriadan"
499;"Manuel Casasola Merkle"
499;"Julien Le Faucheur"
501;"Alex Diochon"
502;"Kris Burm"
502;"lucifer"
504;"Mava da Silva"
504;"Christine Deschamps"
504;"Paul Laffond"
505;"Sofie Hannibal"
505;"Nan Na Hvass"
509;"Jeff Oglesby"
510;"Vince Dorse"
510;"Brent Povis"
511;"Michael Rieneck"
511;"YvonCheryl Scholten"
511;"Stefan Stadler"
512;"Swen Papenbrock"
514;"Jade Mosch"
516;"Moy Shin Hung"
517;"Richard Edwards"
518;"Stephen Baker"
518;"Rob Daviau"
518;"Craig Van Ness"
519;"Gabriela Silveira"
520;"Rob Lundy"
521;"Hokunin"
521;"Chris Ostrowski"
521;"Sean Thurlow"
528;"Jef Gontier"
529;"Andy Brase"
529;"Louis Frank"
529;"John Moriarty"
529;"Ben Prenevost"
529;"Hian Rodriguez"
529;"Kevin Senft"
533;"Frank Hampson"
533;"Beatrix Potter"
536;"Noah Adelman"
538;"Jrmie Fleury"
538;"Gal Lannurien"
539;"Michael Bayer"
539;"Klaus Miltenberger"
540;"Herg"
540;"Pierre Praquin"
541;"Vincent Boulanger"
541;"Ismal Pommaz"
542;"Kennon James"
542;"Doug Kovacs"
542;"Rhonda Libbey"
542;"Team ColdFuZion"
542;"Beth Trott"
543;"Michael Wurstlin"
545;"Elisabeth Daniel"
545;"Babbette Huckaba"
547;"Dalton Cara"
547;"Danny Devine"
548;"John Adams"
548;"Machai"
550;"Christoph Clasen"
550;"Didier Guiserix"
550;"Nora Nowatzyk"
551;"Jukka Rajaniemi"
553;"Claire Beard"
553;"Diego Gisbert Llorens"
553;"Raven Mimura"
553;"Roberto Pitturru"
553;"Maichol Quinto"
553;"Vari"
553;"Darek Zabrocki"
554;"Mikkel Bertelsen"
557;"Christian Fiore"
560;"Sren Meding"
561;"Scott Almes"
561;"Darrell Louder"
561;"Benjamin Shulman"
562;"Bree Lindsoe"
563;"Harry Conway"
566;"Ed Dovey"
566;"Charles Kibler"
566;"Dale Sheaffer"
570;"Mirko Marchesi"
571;"Justin Adams"
571;"W T Arnold"
573;"Dan Pellow"
573;"Blake Rottinger"
573;"Artur Sadlos"
576;"Thierry Doizon"
576;"Steve Holmes"
576;"Jan Patrik Krsn"
576;"Tyson Milbert"
578;"Ben Goldman"
580;"Steve Fastner"
580;"Rich Larson"
582;"Georges Bouchelaghem"
586;"Petr Bohek"
594;"John Blanche"
594;"Alex Boyd"
594;"Robin Carey"
594;"Paul Dainton"
594;"David Gallagher"
594;"Neil Hodgson"
594;"Nuala Kinrade"
596;"Radosaw Jaszczuk"
597;"Cinyee Chiu"
599;"Bertrand Benoit"
602;"Israel Evans"
603;"Naoki Homma"
603;"Carsten Mell"
603;"Yuka Saitoh"
604;"Dinobot Illustration"
606;"Blaise Muller"
609;"JohnPaul Balmet"
609;"Sam Burley"
609;"Katie Dillon"
609;"Julie Dillon"
609;"Olga Drebas"
609;"Emily Fiegenschuh"
609;"Ilich Henriquez"
609;"McLean Kendree"
609;"Guido Kuip"
609;"Jacob Masbruch"
609;"Marcel Mercado"
609;"Klaus Pillon"
609;"Claudio Pozas"
609;"Aaron J Riley"
609;"Marc Sasso"
609;"Bryan Syme"
609;"Carlos Nunez de Castro Torres"
614;"Brigette Indelicato"
615;"Cecilie Fossheim"
615;"Mike Hjgaard"
615;"Lotte M Klixbll Jaskov"
615;"Jens Wiese"
616;"Antje Stephan"
618;"Andrew Fischer"
618;"Nathan I Hajek"
619;"Ingram Schell"
622;"E H Shepard"
622;"Margaret Mary Tempest"
622;"U Thnissen"
624;"Looky"
625;"Frank Gerwin"
627;"Bartomiej Kordowski"
630;"Fyodor Ananiev"
630;"Grzegorz Bobrowski"
630;"Thibault Girard"
630;"Wadim Kashin"
630;"Florent Llamas"
630;"Aleksandar Mihajlovic"
630;"Lukasz Poduch"
630;"Aleksander Tutaj"
634;"Mike Atkinson"
634;"Natalia Borek"
634;"Przemysaw Sobiecki"
636;"Derek Ring"
638;"Vital Lacerda"
641;"Anika Burrell"
641;"Derek Herring"
641;"Alain Viesca"
643;"Vincent Poulard"
643;"Gavin Schmitt"
645;"Vincent Burger"
645;"Kevin Keele"
645;"Gary Locke"
645;"Nima Majlesi"
645;"PierreLouis Puaud"
645;"Camila Queiroz"
645;"Tsukishiro Yuko"
646;"Daniel Balage"
646;"Camille DurandKriegel"
646;"Franois Rouz"
648;"Lalanda Hruschka"
652;"Luan Huynh"
654;"Gordon Lamont"
654;"Fraser Lamont"
654;"Judith Lamont"
655;"Ramy Badie"
658;"David Bock"
658;"Apryl Stott"
661;"Piotr Socha"
662;"Jay Cormier"
662;"Satya Hody"
662;"SenFoong Lim"
663;"Chema Romn"
663;"Pedro Soto"
665;"Ilonka Sauciuc"
665;"Dawne Weisman"
667;"Raya Alexander"
667;"James Brady"
667;"Mike Capprotti"
667;"Nicole Cardiff"
667;"Michael Clarke"
667;"Trevor Cook"
667;"Christine Griffin"
667;"Jeff Johnson"
667;"Patrick Keith"
667;"Jonny Klein"
667;"Eric Lofgren"
667;"Franz Miklis"
667;"Natascha Roeoesli"
667;"David Sourwine"
667;"Yulia Startsev"
667;"Kevin Wasden"
668;"Tomasz Samojlik"
668;"Rey Sommerkamp"
669;"Jessica Cox"
669;"Garret DeChellis"
669;"Lynell Ingram"
670;"Gjermund Bohne"
673;"Steven Hamilton"
673;"Emerson Matsuuchi"
678;"Garen Ewing"
681;"Nick Edwards"
685;"Samuel Gonzalo Garca"
685;"Laura Medina Solera"
686;"Jason Coates"
686;"Hendrik Noack"
692;"Travis Kinchy"
694;"Kristen Pauline"
694;"Tregis"
696;"Tommy Lee Edwards"
696;"Todd Gamble"
696;"Ryan Sansaver"
697;"Oliver Barrett"
697;"Alexander Wells"
700;"Ian Kirkpatrick"
700;"Donald X Vaccarino"
701;"Barbara Henn"
703;"Felix Janson"
703;"Thomas Tamblyn"
704;"Taylor Bennett"
704;"Matthew Tames"
707;"Jurgen Zimmermann"
711;"Ilya Baranovsky"
714;"Taro Hino"
716;"Bi Kristjnsson"
721;"Haakon Gaarder"
724;"Steven Strumpf"
727;"James Masino"
727;"Michael Pedro"
732;"Jonathan Young"
733;"Lee BrimmicombeWood"
733;"Leland Myrick"
735;"Marta Ivanova"
735;"Ilya Konovalov"
735;"Vadim Poluboyarov"
735;"Oleg Yurkov"
735;"Egor Zharkov"
738;"Jean Baer"
738;"Linda Bound"
738;"Fabrice Lamy"
738;"Christophe Peulvast"
738;"Mick Uhl"
738;"Olivier Vatine"
738;"Chris White I"
739;"Brett Carville"
739;"Emiliano Cordoba"
739;"Bartek Fedyczak"
739;"Noemi Konkoly"
739;"Phu Thieu"
740;"Florian de Gesincourt"
740;"Legruth"
740;"Pierre Santamaria"
743;"Raimundo Pousada"
745;"Thander Lin"
750;"Czarn"
751;"Larry Catalano"
751;"Peter Corless"
751;"Stephen Crane"
751;"Stefan Dick"
751;"James Dunn"
751;"Jon Rettich"
756;"Marcus Gschwendtner"
757;"Jeffrey Edwards"
763;"Patrick Soeder"
764;"John Vetter"
766;"Alison Frane"
769;"Theora Design"
772;"Lucas Soriano"
776;"Dmitry Burmak"
776;"Roman Gunyavy"
776;"Anna Ignatieva"
776;"Ilya Komarov"
776;"Anton Kvasovarov"
776;"Kate Maximovich"
776;"Dmitry Prosvirnin"
776;"Pavel Romanov"
776;"Igor Savchenko"
776;"Leopard Snow"
776;"Ruslan Svobodin"
778;"Jaqui Davis"
778;"Ramon Mascarenas"
778;"Monika Mucha"
779;"U"
784;"George Doutsiopoulos"
784;"Chuck Kennedy"
784;"Bruce Lund"
785;"Christos Achilleos"
785;"Ryszard Antoniszczak"
785;"Peter Andrew Jones"
791;"Daniel Arajo"
791;"Damon S Brown"
791;"Sophie Eves"
791;"Marcelo Groo"
791;"Samuel Marcelino"
791;"Dug Nation"
791;"David Prieto"
792;"Denis Zilber"
793;"Laura Bevon"
796;"Katie Cook"
796;"Franois Launet"
801;"James Talbot"
804;"Venessa Kelley"
804;"Kristi Kirisberg"
804;"Chase Williams"
808;"Miles Bensky"
808;"Justin Wong"
810;"Karolina Wcka"
812;"Leif bjrnsson"
812;"Ritva HussainShahid"
812;"Bjrn Lindsten"
812;"Cornelia von Seidlein"
813;"Todd Hamilton"
814;"Mark Mahaffey"
815;"Kev Adams"
815;"Peter Bartholdy"
815;"Ian Brumby"
815;"Jo Brumby"
815;"Sonny Bundgaard"
815;"Chaz Elliott"
815;"Rich Fleider"
815;"Richard Luong"
815;"Andrew May"
815;"Stephen May II"
815;"Neil McKenzie"
816;"Angelina Costamagna"
820;"Pete Abrams"
820;"Randy Milholland"
820;"Tom Ricket"
820;"Jonathan Rosenberg"
825;"Felideus Bubastis"
827;"Olly Lawson"
827;"Antonio Manez"
830;"Sebastian Koziner"
833;"Lar DeSouza"
833;"Jeffrey D George"
833;"John Grigni"
833;"C Mara Lee"
833;"Carl Manz"
833;"Dave Martin"
833;"Shea Ryan"
833;"Dan Smith"
833;"Czeslaw Sornat"
833;"Cliff Van Meter"
838;"Rune Andrasson"
838;"Kurt Brandes"
838;"Constanza Droop"
838;"Roger Hargreaves"
838;"G Husner"
838;"Yasmin Imamura"
838;"Sawomir Jezierski"
838;"Predrag Lazovic"
838;"Herbert Leupin"
838;"Eelco Martinus ten Harmsen van der Beek"
838;"Katja Witt"
839;"Max Holliday"
841;"Karolina Jdrzejak"
841;"Magdalena Leszczyska"
845;"Paul Adam"
845;"Justin Brunetto"
845;"Curt Covert"
845;"Ian FieldRichards"
845;"Henri Hrknen"
845;"Noel Hill"
845;"Mats Holmgren"
845;"Mark Jernstrom"
845;"Bruno Krippahl"
845;"Eric R Martin"
845;"Steve Messenger"
845;"Loc Muzy"
845;"Morgan Rashand"
845;"Chad Savage"
845;"William Teo"
845;"Adam Vehige"
845;"Tim Wollweber"
846;"Max Bedulenko"
846;"Paul Canavan"
846;"Chris Cold"
846;"Jordan Jardine"
846;"Adam J Marin"
851;"Guillaume Ducos"
852;"Joe Amoral"
852;"Rick Gondeck"
852;"Pawe Kurowski"
852;"Rafal Szymanski"
854;"Josh Wood"
855;"Felix Wermke"
856;"Jonathan Aucomte"
856;"Cyrille Bertin"
856;"Fred Navez"
857;"Katie Khau"
858;"Dan Gerlach"
858;"Monica Helland"
859;"Wayne Barrett"
859;"Len Peralta"
860;"Manny Trembley"
861;"Philip Dickenson"
861;"Javier Guzman"
861;"Bill Hallier"
861;"Denis Medri"
861;"Bob Renzas"
861;"Gabe Rose"
862;"Kristiaan der Nederlanden"
863;"Terry Leeds"
866;"Philip Glofcheskie"
866;"Ryan Iler"
870;"Tony Boydell"
870;"Charlie Paull"
871;"Sean McCoy"
873;"Jon Mietling"
874;"Karolina Kijak"
874;"Katarzyna Fiebiger"
876;"Panayiotis Lyris"
879;"Guillaume Blossier"
879;"Frdric Henry"
879;"Goulven Quentel"
882;"Sami Laakso"
886;"Erich Schreiner"
886;"Mark Tarrisse"
887;"Fabio Gorla"
887;"Federico Musetti"
888;"Vincenzo Auletta"
888;"Dario Cal"
892;"Steffi Krage"
893;"Volko Ruhnke"
895;"Apsara"
895;"Jaan van Eeden"
895;"Sarah McCulloch"
895;"L Sean"
895;"Souveraine"
895;"La Capitana"
895;"Daniel Dussault"
895;"Trevor Smith"
895;"Daniel Warren"
896;"Linda DeSantis"
904;"Banu Andaru"
906;"Ccile Garipy"
906;"Alex Hague"
909;"Domingo Cabrero"
909;"David GJ"
909;"Carlos Lpez"
909;"Santi Santisteban"
915;"Gal Goumon"
915;"Jason C Hill"
915;"James Ma"
915;"Matthew Morgaine"
916;"Jochen Eeuwyk"
917;"Ingrid Berner"
917;"Thomas Thiemeyer"
919;"Bernhard Skopnik"
920;"Pedro A Alberto"
922;"Andrea Femerstrand"
923;"Corey Fields"
923;"Krista Gibbard"
923;"Noriaki Hayashi"
923;"Michael Klarfeld"
924;"David Pietrandrea"
924;"Jesse Riggle"
925;"Fbio Fontes"
926;"Charles S Jarboe"
926;"Steve Kendall"
926;"Jason Spiller"
926;"David Walker"
927;"Alain H Dawson"
927;"Jack Elmy"
928;"Jason Hendricks"
931;"Viktor Miller Gausa"
933;"Micha Dugaj"
933;"Jakub Fajtanowski"
933;"Zbigniew Umgelter"
933;"Aleksander Zawada"
936;"HansJrg Brehm"
936;"Dirk Henn"
936;"Wolfgang Panning"
937;"Vanessa Gale Ambata"
939;"Dan Hallagan"
944;"Cyril Saint Blancat"
950;"Jaroslav Jurica"
950;"Marek Loskot"
950;"Pavel Richter"
957;"Mario Barbati"
957;"Fabrizio Fiorentino"
957;"Phroilan Gardner"
957;"Fausto Gutierrez"
958;"Joao Bosco"
958;"Jason Caffoe"
958;"Chelsea Conlin"
958;"Simon Dominic"
958;"Carolina Eade"
958;"Melissa Findley"
958;"Kyle Hough"
958;"Steven Kimball"
958;"Emil Landgreen"
961;"Georges Clarenko"
961;"Viktor Dragosani"
961;"Yannick Hennebo"
961;"Stphane Simon"
962;"Jeroen Kesselaar"
963;"Peter Braun"
963;"Volker Maas"
965;"Valerio Buonfantino"
965;"Stephen Gibson"
966;"Rei Konno"
970;"Vincent Joubert"
973;"Maciej Janik"
976;"Will Schoonover"
976;"Ben Williams"
977;"Wilhelm Busch"
977;"Lauren Child"
977;"Lucy Cousins"
977;"Saxton Freymann"
977;"Wolf Gerlach"
977;"Christopher George King"
977;"Philip Mendoza"
977;"Zdenk Miler"
977;"Kenneth Ody"
977;"Eugen Osswald"
977;"Isolde SchmittMenzel"
978;"Annette Nora Kara"
979;"Nicole Castles"
979;"Philippe Poirier"
980;"Carey Grayson"
982;"Joseph Z Chen"
984;"Barbara TrelaSzyma"
985;"Anton Fadeev"
985;"Nadezhda Tikhomirova"
986;"Steve Paschal"
993;"Alex Anders"
993;"Mark Bromley"
993;"Guy Gentry"
993;"Norbert Grf"
993;"George I Parrish"
993;"Ted Pendergraft"
993;"Lewis Pulsipher"
993;"Gnter Vojtek"
995;"Michael Jenkins"
996;"Irina Kuzmina"
996;"Andrew Modestov"
996;"Oleg Proshin"
996;"Artur Varenyev"
996;"Marat Zakirov"
998;"Matt Hessler"
998;"Marjorie Priceman"
1000;"Alex Figini"
1000;"Jim Parks"
1000;"Sergey Rumyantsev"
1005;"Charlie Bink"
1005;"Vincent Kim"
1008;"Ben Oliver"
1009;"David B Bromley"
1009;"Franck Dion"
1009;"Drew Perkett"
1016;"David Rakoto"
1016;"Daniel Rudnicki"
1017;"Keith Hill"
1017;"Richard Hill"
1017;"James Holloway"
1017;"Larry Kessling"
1017;"Tracy Lesch"
1017;"Victoria Maderna"
1017;"Erol Otus"
1017;"Harry Quinn"
1017;"Jim Roslof"
1017;"Stephen Sullivan"
1018;"Dave Dobyski"
1018;"Patrick Turner"
1021;"Michael Perry"
1021;"Fabio Porfidia"
1022;"Joo Tereso"
1024;"Sbastien Dujardin"
1024;"Xavier Georges"
1024;"Alain Orban"
1025;"Shauna Wolf Narciso"
1025;"Emi Tanji"
1027;"Kevin Hill II"
1028;"Anca Gavril"
1030;"Mark Churms"
1030;"Tom Dalgliesh"
1030;"Jerry Taylor"
1031;"Andrew Thompson"
1035;"Benoit Billion"
1036;"JB Casasola"
1036;"Olly"
1037;"James Colmer"
1040;"Matt Heerdt"
1042;"Jacob Chabot"
1043;"Diana Franco Campos"
1044;"Josef Blaumeiser"
1044;"Trevor Dunton"
1045;"Jan Richard Hansen"
1045;"Olivia Schuff"
1045;"Wundergestalten"
1047;"Levi Parker"
1050;"Koichi Ooyama"
1050;"Hironobu Yoshida"
1052;"Michael Michaels"
1053;"Gary Kim"
1055;"Kenn Nishiuye"
1055;"David A Trampier"
1058;"Claus Schobig"
1059;"Stefan Kgl"
1060;"Robert Lazzaretti"
1061;"Sanjana Baijnath"
1064;"Chris Ferguson"
1064;"Anders Jeppsson"
1064;"Dean Morrissey"
1064;"Paul Render"
1064;"Lori Walls"
1068;"Jessica R E Bethke"
1068;"Paul Herbert"
1068;"Kugatsuhime"
1068;"Jessica Lindsay"
1068;"Elisa Teague"
1073;"Thomas Deeny"
1073;"Daniel Vendrell Oduber"
1074;"Giorgio Baroni"
1077;"Igor Heras"
1077;"Wen Juinn"
1078;"Chris Beatrice"
1081;"ChihFan Chen"
1084;"Fox Barrett"
1084;"Richard Kerr"
1089;"David Su"
1090;"Jimmy Pickering"
1091;"Cezary Szulc"
1092;"Stefan Morrell"
1092;"Aaron Panagos"
1095;"Merilliza Chan"
1095;"Sergio Chaves"
1095;"Leesha Hannigan"
1095;"Nathanael Mortensen"
1095;"Sasha Radivojevic"
1095;"Sam Turner"
1095;"Brian Valeza"
1095;"Frank Wade"
1096;"Paula Simonetti"
1096;"Giacomo Tappainer"
1097;"Filipe Alves"
1097;"Gil dOrey"
1099;"Hans Janssen"
1099;"Ariel Seoane"
1104;"Sebastian Goyke"
1107;"Mirko Failoni"
1108;"Kouji Ogata"
1109;"Tony Cottrell"
1109;"Jes Goodwin"
1110;"Johan Egerkrans"
1110;"Andreas Steiner"
1115;"Johannes Holm"
1119;"Lucas Guidetti Perez"
1119;"Odile Sageat"
1122;"Patricio Soler"
1125;"Alan DAmico"
1125;"Paolo Mori"
1125;"Paul Sizer"
1126;"Dvid Jablonovsk"
1126;"Luk Vodika"
1126;"Michaela Zaoralov"
1128;"Scott Carmichael"
1129;"Jacopo Camagni"
1129;"Stef Kopinski"
1129;"Eric M Lang"
1132;"Indi Maverick"
1135;"Nicols Eskubi"
1137;"Jennifer Easley"
1137;"Eunice Abigael Tiu"
1140;"Antoine de SaintExupry"
1148;"Stphane Escapa"
1149;"Alexandre Papet"
1153;"Sam Phillips"
1156;"Sawomir Kiebus"
1156;"Dietrich Lange"
1156;"Matthias Wittig"
1157;"Werther DellEdera"
1158;"Marco Echevarria"
1158;"Justin Oh"
1168;"Shaenon K Garrity"
1170;"Annick Lobet"
1170;"Nikao"
1171;"Rory OConnor"
1173;"Emmanuel Aquin"
1179;"Aaron Nakahara"
1180;"Wolfgang Steinmeyer"
1181;"Alejandro Germnico Benit"
1182;"Tom Agnetti"
1182;"Gnter Cornett"
1182;"Carsten Fuhrmann"
1182;"Tuuli Hypn"
1182;"Rok Kim"
1183;"Laura Michaud"
1183;"Shintaro Ono"
1185;"Darren Calvert"
1185;"Santiago Reinoso Muoz"
1188;"Von Caberte"
1188;"Sergey Glushakov"
1188;"Jennifer S Lange"
1188;"Alejandro Mirabal"
1188;"Siim Rimm"
1188;"Alex Tooth"
1189;"Richard Borg"
1189;"Scott Hill I"
1192;"Maren Rache"
1193;"Natalia Kordowska"
1194;"Jesse Seidule"
1194;"Nakarin Sukontakorn"
1195;"Natalia Baranowska"
1195;"Marta Malesiska"
1195;"Marta Przyby"
1196;"Tara Gallagher"
1196;"Earl Geier"
1196;"Alan Gutierrez"
1196;"Ernie Hernandez"
1200;"Marco Jeurissen"
1200;"Franck Moutoucoumaro"
1208;"John Kaufmann"
1211;"S Mattusek"
1214;"Denys Fisher"
1216;"Aaron Hbrich"
1216;"Cory TregoErdner"
1219;"Virginijus Poshkus"
1220;"Pete Knifton"
1221;"EJ Dela Cruz"
1221;"Jen Santos"
1225;"Phil Eklund"
1227;"Greg Hyland"
1227;"Steve Jackson I"
1233;"Sean Chancey"
1234;"Davi Cao"
1234;"Eric Kemphfer"
1234;"Grigory Krasnoperov"
1234;"Anne Woods"
1234;"James Zuniga"
1237;"You Satouchi"
1238;"Alexander Pfister"
1239;"Mrten Skoger"
1240;"Marcin Minor"
1241;"Gavin Birnbaum"
1244;"Aurlien Fournier"
1244;"Katarzyna Kozaczkiewicz"
1246;"Matthew Mizak"
1247;"Mlanie Grandgirard"
1250;"David Goujard"
1250;"JeanCharles Mourey"
1257;"Richard Hamblen"
1257;"W Scott Moores"
1259;"Daan van Paridon"
1259;"Thijs van Paridon"
1260;"Justin Schultz"
1262;"MarieElaine Brub"
1262;"MarieEve Joly"
1262;"Olivier Lamontagne"
1265;"Geof Banyard"
1267;"Evan Derrick"
1270;"Ben Drummond"
1270;"Zoe Lee"
1271;"Bonnie Pang"
1272;"Jacob Glaser"
1272;"Tim Uren"
1273;"Geordie Tait"
1275;"Andre Garcia"
1276;"Roni Shepherd"
1279;"Herman Haverkort"
1279;"Tamara Jannink"
1286;"Fast Forward Design"
1286;"Gabriel Hernandez"
1286;"Jacinto Hernandez"
1287;"Matt Burton"
1290;"Pennie Barbel"
1293;"Tony Go"
1293;"Tim McBurnie"
1295;"Dirk Hoffmann"
1295;"Bernd Wagenfeld"
1297;"Clark Huggins"
1302;"Piotr Kania"
1302;"KniffDesign"
1303;"Riccardo Burchielli"
1309;"Oriol Hernndez"
1311;"Jon Cave"
1311;"Kevin Crossley"
1311;"Nikolaus Ingeniri"
1311;"Taylor Ingvarsson"
1311;"Yap Kun Rong"
1311;"Oleg Shekhovtsov"
1311;"Mark W Smith"
1311;"Liu Yang"
1314;"Germn Nobile"
1321;"Sergo"
1323;"Annie Stegg"
1326;"Irene Bressel"
1327;"Reinhard Alff"
1327;"Harm Bengen"
1327;"Bettina Bexte"
1327;"Manfred Bofinger"
1327;"Barbara Henniger"
1327;"F Hoffmann"
1327;"Dominik Hfner"
1327;"Heinz Jankofsky"
1327;"Til Mette"
1327;"MOCK"
1327;"Pfuschi"
1327;"Ari Plikat"
1327;"Polo"
1327;"Reiner Schwalme"
1327;"Peter Thulke"
1327;"Karsten Weyershausen"
1327;"Freimut Woessner"
1327;"Martin Zak"
1328;"Stefan Wingen"
1328;"Betty Yao"
1329;"Victoria Ying"
1331;"Danny Hirajeta"
1331;"Victoria Parker"
1332;"Zarina Karapetyan"
1339;"Hans Baltzer"
1339;"Richard Shako"
1339;"Richard Stubenvoll"
1339;"Andreas Tpfer"
1342;"Mathias Dietze"
1342;"Stefan Dorra"
1344;"Dwayne Biddix"
1345;"Jeremy Nguyen"
1356;"Matt Dixon"
1356;"Alex EckmanLawn"
1360;"Markus Erdt"
1366;"Aya Taguchi"
1366;"Makoto Takami"
1367;"Konstantin Vohwinkel"
1369;"Nele Diel"
1369;"ShenFei"
1374;"Klaus Zoch"
1375;"Yann Tisseron"
1376;"Allan Ball"
1379;"Domenico Neziti"
1380;"Rose Besch"
1384;"Stephen K Ratter"
1386;"Christopher Kirkman"
1388;"Alexander Bradley"
1388;"Eileen Tjan"
1389;"Patricia Raubo"
1396;"Patricia Hayes Kaufman"
1397;"Michael Christopher"
1397;"Cody Jones"
1399;"Aaron Acevedo"
1399;"Samuel Araya"
1399;"Toren Atkinson"
1399;"Allan Bednar"
1399;"Camille Kuo"
1399;"Roberto Marchesi"
1399;"Anna Mohrbacher"
1399;"Torstein Nordstrand"
1399;"Federico Piatti"
1399;"Lars Simkins"
1399;"Oliver Sprecht"
1399;"Linda Tso"
1399;"Jessica Van Hulle"
1399;"Michael Williams"
1405;"Don Greenwood"
1405;"Philmar Limited"
1405;"Randall C Reed"
1405;"Thomas N Shaw"
1405;"Tom Shaw II"
1406;"Collette Tarbuck"
1407;"Alexander Strohmaier"
1407;"Steve Tolley"
1408;"Holly Hancock"
1408;"Sarah Keele"
1409;"Al Garza"
1409;"JJ Kirby"
1414;"Peter Y Bromley"
1414;"Jim Clouse"
1414;"Morgan Dontanville"
1414;"Jim Malik"
1414;"Louis Rexing"
1414;"Mike Russo"
1414;"Stefan Sierhej"
1414;"Chris Vande Voort"
1416;"Kandy Chen"
1416;"Jacqueline Moreno"
1416;"Christina Sealey"
1416;"Emma Bramma Smith"
1417;"Chris Leder"
1418;"Concept Art House"
1418;"Genzoman"
1418;"Udon Crew"
1418;"Long Vo"
1424;"Riccardo Crosa"
1426;"Gary Gabrel"
1427;"Marius Janusonis"
1428;"Jesper Blow"
1429;"Justin Albers"
1429;"Serge Laget"
1435;"Jesse H Mead"
1436;"Pierre Benigni"
1436;"Pascal da Silva"
1438;"Julien Fenoglio"
1438;"Gautier Giroud"
1438;"Aragorn Marks"
1438;"Guillem H Pongiluppi"
1440;"Paulina Wach"
1441;"Rudi Hoffmann"
1441;"Hanne Horstktter"
1442;"Jim Burns"
1442;"Manhar Chauhan"
1442;"David Sque"
1444;"Antler Productions"
1446;"Steven S Crompton"
1446;"Gary Freeman"
1446;"Brian McCrary"
1447;"Bryan Fischer"
1448;"Rasenjin Hayami"
1448;"Ander Plana"
1451;"Xavier Carrascosa"
1452;"Gaetano Leonardi"
1452;"JT Smith"
1453;"Alex Crispin"
1456;"Shannon Crutchfield"
1458;"M81 Studio"
1460;"Preston Stone"
1460;"Gary Storkamp"
1466;"Leon Cortez"
1466;"Katie Wright"
1468;"Shawn Daley"
1468;"Emily Hancock"
1468;"Damon Westenhofer"
1470;"Laurent Bazart"
1470;"Mahulda Jelly"
1471;"Matthew Bishop"
1473;"Niemi"
1474;"Joris Wiersinga"
1475;"Ian McQue"
1476;"Ethan Pasternack"
1478;"Jacob Atienza"
1478;"Amanda Duarte"
1478;"Jaime Martinez"
1480;"Marek Szyszko"
1482;"Andrea Alemanno"
1487;"Denis Loubet"
1487;"Clark Bradley"
1487;"Winchell Chung"
1487;"Alvin Helms"
1487;"Barclay Lawder"
1487;"Kyle Miller"
1487;"Brandon Moore"
1487;"Brian Wilson"
1489;"Christian Opperer"
1492;"Jimin Kim"
1495;"Takao Aoki"
1495;"Laura aus dem Siepen"
1495;"Mark Baker"
1495;"Shirley Barber"
1495;"Klaus Baumgart"
1495;"Achim Bednorz"
1495;"Gunilla Bergstrm"
1495;"Antje Bohnstedt"
1495;"Dick Bruna"
1495;"Dik Bruynesteyn"
1495;"Eric Carle"
1495;"Helen Craig"
1495;"Courtney Davis"
1495;"Hans de Beer"
1495;"Jean de Brunhoff"
1495;"Ray Eames"
1495;"Charles Ormond Eames"
1495;"Wolf Erlbruch"
1495;"Marie Felix"
1495;"Paul Frank"
1495;"Anne Geddes"
1495;"Theodor Seuss Geisel"
1495;"Stephanie Graegin"
1495;"MarthaLuise Gubig"
1495;"Charley Harper"
1495;"Kevin Hawkes"
1495;"Helme Heine"
1495;"Renate Hofbauer"
1495;"Wiliam Hurter"
1495;"Janosch"
1495;"Magdalena Konopskov"
1495;"Nina Laden"
1495;"Olaf Landstrm"
1495;"Lena Landstrm"
1495;"Yang Liu"
1495;"Antonio Lupatelli"
1495;"Amanda Milne"
1495;"Christian Moser"
1495;"Hedwig Munck"
1495;"Flvia Nalon"
1495;"Silvio Neuendorf"
1495;"Lydia Ortiz"
1495;"Chet Phillips"
1495;"Fbio Prata"
1495;"Kim Raymond"
1495;"H A Rey"
1495;"Margret Rey"
1495;"Lizzy Rockwell"
1495;"Betty Root"
1495;"Joscha Sauer"
1495;"Axel Scheffler"
1495;"Guusje Siegers"
1495;"Mathias Surges"
1495;"Hans Ticha"
1495;"Robert Tomala"
1495;"Robert Velter"
1495;"Hermann Wernhard"
1497;"Art Baltazar"
1501;"ForrestPruzan Creative"
1504;"Pierre Jacquot"
1506;"Matt Luxich"
1509;"Dave Andrews"
1509;"Colin Dixon"
1509;"Peter Jones I"
1509;"Alastair Morrison"
1509;"Bill Sedgwick"
1510;"Ian Rosenthaler"
1513;"Valentina Moscon"
1514;"Patrick Rennwanz"
1515;"Roberto Bovo"
1515;"Raphael I"
1521;"Bttner und Plmacher"
1521;"Dynamo Limited"
1521;"Ulrike Schneiders"
1522;"Jokubas Uogintas"
1526;"Regina De Simone"
1529;"J W Thompson"
1532;"JBJ"
1532;"ukasz Silski"
1536;"Brent Keith"
1536;"Hal Mangold"
1538;"Kerstin Hille"
1541;"Julio Cesar"
1545;"Renate Seelig"
1549;"Cdrick Le Bihan"
1550;"Devin Low"
1551;"Joseph Fatula"
1552;"Alessandro Costa"
1555;"Molly Mendoza Denmark"
1555;"Morgan Gray"
1555;"Chris Mangum"
1555;"Ben Van Dyken"
1557;"Andreas Rocha"
1557;"Robert P Schneider"
1565;"Juan Esteban Rodriguez"
1566;"Marc Andr"
1568;"Martin Mottet"
1572;"Kara"
1572;"Maciej Szymanowicz"
1578;"Monika Broeske"
1582;"John Cadice"
1582;"Elmer Damaso"
1582;"Leonard Dill"
1582;"Michelle Hoefener"
1582;"Ein Lee"
1582;"Robert Robaato Porter"
1582;"Jason Wiebe"
1584;"Arnaud Boudoiron"
1586;"Vicki Sarkissian"
1587;"Carl Anderson"
1587;"Beverly Hale"
1587;"Tom Wham"
1592;"Andrew Yates"
1597;"Barbara Gobiewska"
1597;"Mateusz Michalski"
1598;"Bernd Dmler"
1598;"Heidemarie Rttinger"
1599;"Nicholas Avallone"
1600;"Scott E Davis"
1602;"Evan Lee"
1604;"Takako Takarai"
1605;"Jeff Chin"
1606;"Edgar P Jacobs"
1607;"Abigail Fein"
1607;"Kate Irwin"
1607;"Dennis Kauth"
1607;"Matthew Stevens"
1608;"Nick Acosta"
1608;"Marty Elmer"
1608;"Glenn Gustafson"
1608;"Shaun Lindow"
1608;"Tatiana Maifat"
1609;"Jon Hodgson"
1609;"Francesco Mattioli"
1610;"Ron Magin"
1611;"Morten Monrad Pedersen"
1611;"Alan Stone"
1613;"Juhani Jokinen"
1614;"Hiroko Izumida"
1617;"Grzegorz Kobiela"
1619;"Brad Andres"
1619;"Erik Dahlman I"
1619;"Nate French"
1620;"Nastya Lehn"
1623;"Clment Lefevre"
1626;"Chris Lawson"
1626;"John Tamplin"
1634;"Jamel Akib"
1634;"Ole Hpfner"
1634;"Pinball"
1634;"SillyJellie"
1641;"Davide Corsi"
1642;"Pieter Woudt"
1644;"Brian Patterson"
1646;"Jeroen Doumen"
1646;"Matt Leacock"
1650;"Brian Buckley"
1652;"John Trumbull"
1654;"Tony Rochon"
1656;"Natalie Dombois"
1657;"PierreAlain Chartier"
1657;"Hub"
1662;"Max Winter Osterhaus"
1662;"Cathleen QuinnKinney"
1662;"Matt Roussel"
1663;"Echo Chernik"
1663;"Sarah Kelly"
1664;"Mark Gibbons"
1664;"Geoff Taylor"
1665;"Philippe Bouvier"
1665;"Clovis"
1667;"Nikoletta Vaszi"
1668;"Bernard Chang"
1674;"Fernando Armentano"
1674;"Tommaso Incecchi"
1674;"Giovanni Pirrotta"
1674;"Paolo Scippo"
1681;"Jake Staines"
1682;"Salvador Larroca"
1682;"Paco Roca"
1686;"Rob McClurkan"
1687;"Tina Spain McDuffie"
1688;"David Finch"
1688;"Jim Lee"
1690;"Yaroslav Radetskyi"
1695;"Mark Tuck"
1698;"Jason Little"
1699;"Kami Mandell"
1708;"Ash Arnett"
1708;"Brian Booker"
1708;"Maria Cabardo"
1708;"Armand Cabrera"
1708;"Robert Dixon"
1708;"Larry Friedman"
1708;"James Higgens"
1708;"Tony Luke"
1708;"Matt Milberger"
1708;"John Park"
1708;"John Ramirez"
1708;"Kevin Stein"
1708;"Todd Wade"
1708;"Brian Wagner"
1708;"Christina Wald"
1708;"Ray Winninger"
1709;"Claire Donaldson"
1710;"Jean Baptiste douard Detaille"
1710;"Knut Grnitz"
1712;"Melonie Lavely"
1715;"Magdalena Klepacz"
1718;"Rachel Korsen"
1718;"Alina Marchewka"
1718;"Nikolai Ostertag"
1718;"Nikki Storme"
1719;"Laura Bernard"
1719;"Yayo Kawamura"
1719;"David Mair"
1722;"Mikhail Palamarchuk"
1722;"Tony Sart"
1724;"Bob Ross"
1727;"Denny Minonne"
1729;"Tony Ackland"
1729;"David Andrews"
1729;"Paul Jeacock"
1729;"Nuala Kennedy"
1729;"John Sibbick"
1733;"Gordon Tucker"
1734;"Franck Achard"
1737;"Miguel Da Silva"
1739;"Doug Alexander"
1739;"Stuart Beel"
1739;"Steve Casper"
1739;"David Fooden"
1739;"Brian LeBlanc"
1739;"Gines Quinonero"
1739;"David Roach"
1739;"Christopher Shy"
1739;"Lawrence A Williams"
1747;"Marina Fischetti"
1749;"Andy Monks"
1754;"John Kean"
1755;"Roanna Peroz"
1760;"Edgar Ramos"
1761;"Jasmine Radue"
1765;"Dommiy"
1765;"David Sitbon"
1765;"Koota Yamada"
1768;"Aleksander Karcz"
1768;"Kathy Kowal"
1768;"Mira Lob"
1770;"Rolland Barthlmy"
1771;"Chris Baker"
1775;"Martina Leykamm"
1776;"Dominic Crapuchettes"
1776;"Ali Douglass"
1781;"Jan van Haasteren"
1782;"John H Butterfield"
1782;"Ted Koller"
1783;"Fran Diaz"
1783;"Ivan Escuder"
1783;"Marek Rutkowski"
1783;"Walter Velez"
1786;"Friedemann Bochow"
1790;"Duccio Vitale"
1792;"Edu Valls"
1793;"Micha Saata"
1796;"Emily R Dearring"
1798;"Demis Savini"
1799;"Abrar Ajmal"
1799;"Chris Appel"
1799;"Mark Behm"
1799;"Chris Bivins"
1799;"Gabriel Blain"
1799;"Buzz"
1799;"Brian Caleffi"
1799;"Cristian Chihaia"
1799;"Brent Chumley"
1799;"Miguel Coronado"
1799;"Ed Cox"
1799;"Biagio DAlessandro"
1799;"Paul Daly"
1799;"Sebastien Ecosse"
1799;"lvaro Calvo Escudero"
1799;"Edward Fetterman"
1799;"Andy Fisher"
1799;"Friedrich A Haas"
1799;"David Hammond"
1799;"Jesse Hibbs"
1799;"Jonny Hinkle"
1799;"Ambrose H Hoilman"
1799;"David Robert Hovey"
1799;"David Hueso"
1799;"Setiawan Lee"
1799;"M Wayne Miller"
1799;"B A Miller"
1799;"Jonathan Moore"
1799;"John Morrow"
1799;"Stephen Najarian"
1799;"Tamires Pedroso"
1799;"Brittany Pezzillo"
1799;"German Ponce"
1799;"Ramon Puasa"
1799;"Kristel Raymundo"
1799;"Char Reed"
1799;"Lance Ridenoure"
1799;"Riccardo Rullo"
1799;"Bart Sears"
1799;"C Edward Sellner"
1799;"Bryan Sevilla"
1799;"Raciel Avila Silva"
1799;"Carmen Sinek"
1799;"Unique Litani Soparie"
1799;"Lorenzo Sperlonga"
1799;"James StarrKing"
1799;"J Edwin Stevens"
1799;"Marcel Stobinski"
1799;"Lucas Svedberg"
1799;"Matthew Sweeney"
1799;"Kamila Szutenburg"
1799;"Jonathan Taylor"
1799;"Daniel Jimnez Villalba"
1799;"Inna Vjuzhanina"
1799;"Elliot Whiting"
1799;"Mario Wibisono"
1799;"Chris Wilson"
1799;"Larry Wilson"
1799;"Michael Wolmarans"
1799;"Robin Wouters"
1802;"Michael Leavenworth"
1804;"Rick Hutchinson"
1810;"Juliette Brocal"
1810;"Chan Chau"
1810;"Keny Widjaja"
1811;"Albert Lemant"
1814;"Mila Harbar"
1822;"Davide Tosello"
1826;"Wilfried Gebhard"
1826;"Frantz Rey"
1826;"Th A Weiss"
1827;"Andy Elkerton"
1831;"Jessica Ney"
1832;"Mathieu Beaulieu"
1837;"Raphal Guiton"
1839;"Brett Bean"
1839;"Ferran Criado"
1839;"Mutsumi Hagiiwa"
1839;"Djamila Knopf"
1839;"Annika Maar"
1839;"Luisa Preiler"
1839;"Tia Rambaran"
1839;"Reuno"
1839;"Matthias Rothenaicher"
1839;"Nadine Schkel"
1839;"Anna Steinbauer"
1839;"Macoto Tanaka"
1839;"Nate Taylor II"
1839;"Cheyenne Wright"
1841;"Pter Szbo Gabr"
1841;"Susumu Kawasaki"
1841;"Yoshihiro Koyama"
1842;"Stefano Mondini"
1842;"Fabio Visintin"
1845;"David R Deitrick"
1845;"John Dismukes"
1845;"George Speed Webber"
1846;"Joe Shawcross"
1850;"Jess Suursso"
1852;"Andrew S Berton"
1852;"Michael Gray"
1854;"Toby Allen"
1854;"Jamie Sichel"
1855;"Clark Mitchell I"
1864;"Haralds Klavinius"
1865;"Mauro dal Bo"
1868;"Desnet Amane"
1868;"SY Li"
1868;"Marcin Makowski"
1871;"Lukas Zach"
1872;"Stephen Langmead"
1876;"Daniele Barletta"
1877;"Johann Aumaitre"
1878;"Kaile Dutton"
1879;"Andrea Hofbeck"
1879;"Stefan Slzer"
1880;"Douglas Shrock"
1881;"Elisa Cella"
1881;"Donald Crank"
1881;"Raina Kuptz"
1882;"Inka Brand"
1882;"Markus Brand"
1882;"Ralph Querfurth"
1883;"Maxime Morin"
1886;"Irina Pechenkina"
1889;"Clark Miller"
1890;"Henrik Tistling"
1891;"Will Terry"
1896;"Patrick Dallanegra"
1902;"Rob Heinsoo"
1902;"Cory Jones"
1906;"AnneJulie Painchaud"
1907;"Tom Siddell"
1908;"Edu Torres"
1911;"Sabine Kondirolli"
1913;"JunHyup Kim"
1913;"YoungGon Lee"
1914;"Adam Lachmanski"
1915;"Dmitry Knorre"
1916;"Nikola Matkovic"
1916;"Grzegorz Pedrycz"
1916;"Tan Ho Sim"
1918;"William Jacobson"
1918;"Amanda Kohout"
1922;"Ted Nasmith"
1925;"James Bousema"
1925;"Tim BurrellSaward"
1925;"Lindsay Daviau"
1925;"Hakan Diniz"
1925;"Qistina Khalidah"
1925;"Punga Miniatures"
1928;"Syd Weiler"
1934;"Pixel Productions Inc"
1937;"Josh Emrich"
1940;"Craig Gibson"
1941;"Tohru Adumi"
1941;"CARNELIAN"
1941;"COMTA"
1941;"Takahito Ekuchi"
1941;"Takuya Fujima"
1941;"Takehito Harada"
1941;"Akira Hayase"
1941;"Kira Inugami"
1941;"Ishigaa"
1941;"kawaku"
1941;"KEI"
1941;"Souji Kusaka"
1941;"Misa Matoki"
1941;"Rin Minase"
1941;"Miki Miyashita"
1941;"Misoka Nagatsuki"
1941;"Nana"
1941;"Aoi Nanase"
1941;"Hiroki Ozaki"
1941;"Poyoyon Rock"
1941;"Ruchie"
1941;"Satoru Satou"
1941;"Mushimaro Tachikawa"
1941;"Yuiko Tokui"
1941;"Ofuu Yamadori"
1942;"Richard Anderson"
1942;"Matt Ferbrache"
1942;"Laine Garrett"
1942;"Adrian Majkrazk"
1942;"Josh Manderville"
1942;"Marco Mazzoni"
1942;"Nestor Ossandon"
1942;"Kevin Prangley"
1942;"Mike Vaillancourt"
1943;"Marc Margielsky"
1944;"Apolline Etienne"
1945;"Alexander Bernhardt"
1947;"Carine Hinder"
1947;"Jrme Plissier"
1951;"Jean Frdric Bazille"
1951;"Sandro Botticelli"
1951;"Mary Cassatt"
1951;"Paul Czanne"
1951;"Leonardo da Vinci"
1951;"Edgar Degas"
1951;"Paul Gauguin"
1951;"El Greco"
1951;"Winslow Homer"
1951;"douard Manet"
1951;"Franz Marc"
1951;"Claude Monet"
1951;"PierreAuguste Renoir"
1951;"Georges Seurat"
1951;"Paul Signac"
1951;"Gerard ter Borch"
1951;"Henri de ToulouseLautrec"
1951;"Rogier van der Weyden"
1951;"Vincent van Gogh"
1951;"Rembrandt van Rijn"
1951;"Diego Velzquez"
1951;"Johannes Vermeer"
1953;"Clau Souza"
1954;"Daniela iella Attard"
1956;"George Goebel"
1956;"Kim Grommel"
1963;"Wagner Kuroiwa"
1963;"Mariana Martins"
1963;"Nicols Snchez"
1963;"Denise Jillian Tan"
1963;"TEC"
1969;"Zak Eidsvoog"
1970;"Alexandre Bonvalot"
1972;"Lamaro Smith"
1973;"Jonathan Kirtz"
1979;"Daniela Giubellini"
1979;"Will Nunes"
1979;"Kristen Plescow"
1981;"Edward Moran"
1990;"Morgan Andersson"
1990;"Mike McManaway"
1993;"Lauren Cannon"
1993;"Raymond Gaustadnes"
1995;"George Bletsis"
1995;"Les McClaine"
1995;"Steve Scott"
1997;"Pablo Fontagnier"
