"index";"bg_Editora"
0;"ZMan Games"
0;"ADC Blackfire Entertainment"
0;"Albi"
0;"Asmodee"
0;"Asmodee Italia"
0;"Asterion Press"
0;"Bergsala Enigma Enigma"
0;"Boardgame Space"
0;"Brain Games"
0;"Devir"
0;"Filosofia ditions"
0;"Galpagos Jogos"
0;"Gm Klub Kft"
0;"HaKubia"
0;"Hobby Japan"
0;"HomoLudicus"
0;"Jolly Thinkers"
0;"Kaissa Chess  Games"
0;"Korea Boardgames Co"
0;"Ltd"
0;"Lacerta"
0;"Lautapelitfi"
0;"Lifestyle Boardgames Ltd"
0;"MINDOK"
0;"Nordic Games GmbH"
0;"Paladium Games"
0;"Pegasus Spiele"
0;"Quined White Goblin Games"
0;"Rebel Sp z oo"
0;"Siam Board Games"
0;"Stratelibri"
0;"Wargames Club Publishing"
0;"White Goblin Games"
0;"Zhiyanjia"
0;""
1;"Hans im Glck"
1;"999 Games"
1;"Bard Centrum Gier"
1;"cutiaro"
1;"Fantasmagoria"
1;"Giochi Uniti"
1;"Grow Jogos e Brinquedos"
1;"Hobby World"
1;"sld ehf"
1;"Midgaard Games"
1;"Mbius Games"
1;"Monkey Time"
1;"NeoTroy Games"
1;"Nordic Games ehf"
1;"Paper Iyagi"
1;"Piatnik"
1;"Ponva doo"
1;"Rio Grande Games"
1;"Schmidt Spiele"
1;"Smart Ltd"
1;"Stupor Mundi"
1;"SuperHeated Neurons"
1;"Swan Panasia Co"
1;"Venice Connection"
1;"Ventura Games"
2;"KOSMOS"
2;"Astrel Games"
2;"Brdspelse"
2;"Broadway Toys LTD"
2;"Capcom Co"
2;"Catan Studio"
2;"Competo  Marektoy"
2;"danspil"
2;"Descartes Editeur"
2;"Dexy Co"
2;"Eurogames"
2;"Galakta"
2;"GP Games"
2;"Hanayama"
2;"Ideal Board Games"
2;"Igroljub"
2;"IntelliGamesBG"
2;"LM Games"
2;"Laser plus"
2;"Logojogos"
2;"Mayfair Games"
2;"Ninive Games"
2;"Spilbrtdk"
2;"Tilsit"
2;"Top Toys"
2;"TRY SOFT"
2;"Vennerd Forlag AS"
3;"Repos Production"
4;"Conclave Editora"
4;"Games Factory Publishing"
4;"IUVI Games"
4;"Martinex"
4;"Runadrake"
4;"Ystari Games"
5;"FryxGames"
5;"Arclight Games"
5;"Ghenos Games"
5;"Green Elephant Games"
5;"Intrafin Games"
5;"Kilogames"
5;"Lavka Games"
5;"Lex Games"
5;"Maldito Games"
5;"MeepleBR"
5;"MIPL"
5;"MYBG Co"
5;"Reflexshop"
5;"SchwerkraftVerlag"
5;"Stronghold Games"
5;"Surfin Meeple China"
6;"Days of Wonder"
6;"Asmodee China"
6;"Bandai"
6;"Edge Entertainment"
6;"Happy Baobab"
7;"Czech Games Edition"
7;"Cranio Creations"
7;"Cuaca Cerah Games"
7;"DiceTree Games"
7;"Feelindigo"
7;"GaGa Games"
7;"Golden Egg Games"
7;"Heidelberger Spieleverlag"
7;"IELLO"
7;"Land of Beautiful Mind"
7;"More Fun Co"
7;"One Moment Games"
7;"Pridemage Games"
7;"TWOPLUS Games"
8;"KADABRA"
8;"Ludicus"
8;"Sombreros Production"
9;"Next Move Games"
9;"Plan B Games"
9;"Divercentro"
9;"Orangutan Games"
9;"Tower Tactic Games"
9;"Zvezda"
10;"Stonemaier Games"
10;"Angry Lion Games"
10;"CrowD Games"
10;"Delta Vision Publishing"
10;"Feuerland Spiele"
10;"Fire on Board Jogos"
10;"Geekach Games"
10;"Ludofy Creative"
10;"Matagot"
10;"Morning"
10;"PHALANX"
10;"Playfun Games"
11;"Space Cowboys"
11;"Baborka Games"
11;"Board Game VN"
11;"CoolPlay"
11;"GoKids"
11;"JD ditions"
11;"Morapiaf"
12;"Lookout Games"
12;"Compayahu Gamer Caf Kft"
12;"Funforge"
12;"Hasbro"
13;"alea"
13;"Ravensburger"
13;"VAKKO"
14;"KDS Distribuzione"
14;"Lord of Boards"
16;"Bluebird Games"
16;"Regatul Jocurilor"
17;"Bureau de Juegos"
17;"Egmont Polska"
17;"GeGe Co Ltd"
17;"Mancalamaro"
17;"MESAboardgames"
17;"Origames"
17;"Portal Games"
17;"REXhry"
17;"uplayit edizioni"
18;"Alderac Entertainment Group"
18;"Kanai Factory"
18;"Web published"
18;"963com"
18;"Black Monk"
18;"BoardM Factory"
18;"Gentosha Education"
18;"Japon Brand"
18;"Magpie Korean Co"
18;"Steve Jackson Games"
19;"2FSpiele"
20;"Libellud"
20;"hobbityeu"
21;"Asmodee Korea"
21;"Dragonfly Publishing"
21;"Liam Games"
23;"Cephalofair Games"
23;"Albi Polska"
23;"Games Warehouse"
24;"E L  M Productions"
24;"Fantasiapelit"
24;"Fantasy Flight Games"
24;"Fantasy Shop"
24;"Houpaa"
24;"Millenium"
24;"MultiSim"
24;"Nexus Editrice"
24;"Silver Stars Publishing"
24;"Windrider Games"
25;"ABACUSSPIELE"
25;"Ediciones MasQueOca"
25;"Gabinete Ldico"
25;"Gamesinitaly"
25;"Giochixit"
25;"YOKA Games"
26;"Wizards of the Coast"
27;"Oxygame"
29;"Gamewright"
29;"AURUM"
29;"Inc"
29;"Cocktail Games"
29;"FoxMind Israel"
29;"Kanga Games"
30;"Unknown"
30;"Bur"
30;"Kunia Gier"
30;"Outland"
30;"PSGames"
30;"QWorkshop"
30;"Raven Distribution"
30;"Ubik"
31;"GMT Games"
31;"SelfPublished"
31;"Chrononauts Games"
31;"Udo Grebe Gamedesign"
32;"GameWorks SRL"
32;"Esdevium"
32;"Yes Papa Games"
33;"Capstone Games"
33;"FunBox Jogos"
33;"Mandala Jogos"
33;"TendaysGames"
34;"Les 12 Singes"
34;"Buly Games"
34;"Interlude"
34;"Oliphante"
34;"PaperGames III"
34;"RR Games"
34;"Spin Master Ltd"
35;"Plaid Hat Games"
35;"Cube Factory of Ideas"
35;"Game Harbor"
35;"Gemenot"
35;"Meanbook Games"
36;"Avalon Hill"
37;"AMIGO"
37;"Copag Cards"
37;"Corfix"
37;"Fractal Juegos"
37;"G3"
37;"Gigamic"
37;"Kikigagne"
37;"Mercurio"
37;"Tempo Games I"
38;"Group SNE"
38;"Playhouse Ltd"
38;"Pendo Games"
39;"Indie Boards  Cards"
39;"La Mame Games"
39;"After 5 Games"
39;"El Dragn Azul"
39;"FoxGames"
39;"Igrato"
39;"New Games Order"
39;"LLC"
39;"Zacatrus"
40;"Adventureland Games"
40;"Gameland"
40;"Hemz Universal Games Co Ltd"
40;"Zoch Verlag"
41;"Wise Wizard Games"
41;"ADC Blackfire Entertainment GmbH"
41;"Games Factory"
42;"Cool Mini Or Not"
42;"CMON Global Limited"
42;"Guillotine Games"
43;"Blue Orange EU"
43;"Blue Orange Games"
43;"Coiledspring Games"
43;"Le Grand Massif"
44;"Bombyx"
44;"Mostafil Games"
44;"Salta da Caixa"
44;"Surfin Meeple"
47;"Magellan"
49;"F2Z Digital Media Inc"
50;"Greater Than Games"
50;"Ace Studios"
50;"Arrakis Games"
50;"Engames"
50;"Fabled Nexus"
50;"Fox in the Box"
51;"Leder Games"
51;"2Tomatoes Games"
51;"MS Edizioni"
51;"Quality Beast"
54;"Starling Games II"
54;"Abraxas"
56;"eggertspiele"
57;"CMYK"
57;"MEEPLE"
57;"NorthStar Game Studio"
57;"YellowBOX"
58;"Renegade Game Studios"
58;"Dire Wolf"
58;"Lucrum Games"
59;"The Game Master BV"
60;"Editrice Giochi"
61;"PDVerlag"
62;"Roxley"
63;"Floodgate Games"
63;"Lanlalen"
63;"Mandoo Games"
63;"MEBO Games"
64;"Gen42 Games"
64;"Crmola"
64;"HUCH"
64;"Oficina do Aprendiz"
64;"Productief BV"
64;"Smart Zone Games"
64;"Tantrix UK Ltd"
64;"Vendetta"
66;"Alga"
66;"Barnes  Noble"
66;"Borras Plana SA"
66;"Carlit"
66;"Clipper"
66;"El Greco"
66;"Guau"
66;"Juegos Crone"
66;"Majora"
66;"Miro Company"
66;"Nilco SA"
66;"Palitoy Ltd"
66;"Parker Brothers"
66;"Smeets  Schippers"
66;"Tomy"
66;"Waddingtons"
66;"Winning Moves Games USA"
67;"Arcane Wonders"
67;"Games7Days"
68;"Public Domain"
68;"3M"
68;"ABRA"
68;"Adams Brothers  Shardlow Ltd"
68;"Air France"
68;"Alexander"
68;"Allied Van Lines"
68;"Ancient Chess"
68;"Arrco Playing Card Co"
68;"BarZim"
68;"Bayerwald Spiele"
68;"Bello Games New York"
68;"Berwicks Toy Co Ltd"
68;"Big League Promotions Corp"
68;"Bisonte"
68;"Blatz"
68;"Bozart Toys"
68;"Cardinal"
68;"la carte AG"
68;"Cayro"
68;"the games"
68;"CCI India"
68;"Chad Valley Co Ltd"
68;"Challenge Master Game Co Ltd"
68;"Character Games LTD"
68;"Chess Geeks"
68;"ChessUSA"
68;"CHH Games"
68;"Chupa Chups"
68;"Classic Games"
68;"CocaCola"
68;"Colombine BVBA"
68;"Comedy Central"
68;"Comedy Partners"
68;"Creative Crafthouse"
68;"Creative Educational Aids Pvt Ltd"
68;"Crisloid"
68;"Dal Negro"
68;"Darmon Diffusion"
68;"David Westnedge"
68;"De La Rue"
68;"DeAgostini"
68;"Deuce"
68;"DGT"
68;"Dilemma Games"
68;"Dourios"
68;"DreamWorks"
68;"Dynamic Games  Dynamic Design Industries"
68;"ES Lowe"
68;"Efko"
68;"EnumeroCribbageBoards"
68;"Epoch Playthings"
68;"Estrela"
68;"Excalibur Electronics"
68;"F W Woolworth Company"
68;"Fame Products"
68;"Fifth Avenue Crystal Ltd"
68;"Friendly Games"
68;"Fundex"
68;"Game Factory"
68;"Gibsons"
68;"Golden"
68;"Guigou"
68;"H Baron"
68;"Handfaste"
68;"HartungSpiele"
68;"Hausemann  Htte NV"
68;"Hexagames I"
68;"Heyne"
68;"Holdson"
68;"Homas Spelen"
68;"House Martin"
68;"House of Marbles"
68;"House of Staunton"
68;"Imaginarium"
68;"innovative KIDS"
68;"Inovac Rima SA"
68;"Intex Syndicate"
68;"Invicta Games"
68;"Italocremona"
68;"John Jaques of London"
68;"Jumbo"
68;"K  C Ltd"
68;"KE Mathiasen AS"
68;"King International"
68;"Kingsway Inc"
68;"Kitfix Swallow Group"
68;"Klee"
68;"Klopffleisch"
68;"L P Septmio"
68;"Lagoon Games"
68;"Lardy International"
68;"LEGO"
68;"Lindop William Lindop LTD"
68;"Longfield Games"
68;"Ludens Planet"
68;"Magnetic Poetry Inc"
68;"Manchester United Football Club"
68;"Marig"
68;"The Mark of Westminster"
68;"Masters Games"
68;"Mattel"
68;"MB Jeux"
68;"MB Spellen"
68;"Melissa  Doug"
68;"Merit"
68;"Milton Bradley"
68;"Monkey Pod Games"
68;"The Museum of Modern Art MoMA"
68;"Musketeer Chess"
68;"Neroulia"
68;"nestorgames"
68;"Nintendo Co"
68;"The Noble Collection"
68;"Noris Spiele"
68;"OGowna Studio"
68;"The Op"
68;"Open Board Games"
68;"Oriental Trading Company"
68;"Pacific Game Company"
68;"Patch Products"
68;"Paul Lamond Games Ltd"
68;"Pavilion"
68;"Peri Spiele"
68;"Piet Hein AS"
68;"Pin International"
68;"Pleasantime Games"
68;"Poptoy"
68;"Pressman Toy Corp"
68;"The Purple Cow"
68;"Ramsons"
68;"Research Games"
68;"Inc  Athol  RGI  ARC"
68;"Revanche Spelen"
68;"Robin and Nell Dale"
68;"Rong Fa"
68;"Rosiness"
68;"Rot Ceramic"
68;"Sababa Toys"
68;"Schmidt International"
68;"Selchow  Righter"
68;"SiSiSpiele"
68;"SkorMor"
68;"Sophisticated Games"
68;"Spears Games"
68;"Spencer Gifts"
68;"Sterling Games"
68;"Studio Anne Carlton SAC"
68;"Sunrise Chess  Games"
68;"Super Accord"
68;"Sstrene Grene"
68;"Tactic"
68;"Tesco"
68;"Tezuka Productions"
68;"Thomas Salter Ltd"
68;"Toy Brokers Ltd"
68;"U3"
68;"Vilac"
68;"VolumeOne Products"
68;"Walt Disney Productions Disney"
68;"Wgiel"
68;"Western Publishing Company"
68;"Westside Fun Games"
68;"WHSmith"
68;"Wicked Vision"
68;"Wiley Publishing"
68;"WizKids I"
68;"Wm F Drueke  Sons"
68;"Wood Expressions"
68;"WorldWise Imports"
69;"hln  kerlund"
69;"Altap"
69;"ASS Altenburger Spielkarten"
69;"Aurimagic"
69;"BrohmParkerSpiele"
69;"Damm  Egmont"
69;"deSka"
69;"Edwards Dunlop And Company Limited"
69;"Epoch Co"
69;"Franz Schmidt"
69;"Funskool Games"
69;"General Mills"
69;"Inspiration tv network"
69;"JinLiLai"
69;"John Sands Pty Ltd"
69;"John Waddington Ltd"
69;"Kasco Industries"
69;"Kuvataide"
69;"Leaping Dog"
69;"MB Juegos"
69;"Metrotoy"
69;"MIKA"
69;"Nja leikfangagerin"
69;"Oy FennoAlga Ab"
69;"Parker Spiele"
69;"Remoundo"
69;"Toltoys"
69;"Winning Solutions WS Game Company"
69;"Zontik Games"
70;"Playgo Hungary"
70;"Red Glove"
72;"Gordion Games"
73;"Queen Games"
73;"Flick Game Studio"
77;"NECA"
78;"Dexker Games"
78;"Giant Roc"
78;"TLAMA games"
80;"House of Monks"
81;"Grounding"
81;"IDW Games"
81;"Moonster Games"
81;"Pandasaurus Games"
83;"Brio AB"
83;"Cadaco"
83;"Cappelen"
83;"Casa Estanciero SRL"
83;"CEFA Celulosa Fabril S A"
83;"Chieftain Products"
83;"Dino Toys s r o"
83;"Drechsler"
83;"Falomir Juegos"
83;"Habourdin International"
83;"Joker"
83;"LaboMix"
83;"Max Ploys"
83;"Murfett"
83;"Playmix"
83;"Production  Marketing Company"
83;"Refax Oy"
83;"ren ehf"
83;"Schowanek"
83;"Sio"
83;"Spectrum Games Corporation"
83;"Spil hf"
83;"Super Impulse"
83;"SYU Creation"
83;"Tinderbox Games"
83;"ToyCo"
83;"T R Urban  Co"
83;"Xalingo Brinquedos"
83;"YOHAN"
85;"Dr Wood Challenge Centre"
85;"Meeples Cafe"
85;"Paradigm Infinitum Pte Ltd"
85;"Sun Team Day Hobby Company"
85;"VR Distribution"
86;"dV Giochi"
86;"Inter Hobby Co"
89;"2 Pionki"
90;"Sovranti"
91;"Ludonaute"
91;"GateOnGames"
92;"Whats Your Game"
95;"EagleGryphon Games"
95;"HeidelBR Games"
96;"Ad Magic"
96;"Inc  AdMagic Games"
96;"Blackfire Games"
96;"Exploding Kittens"
98;"FX Schmid"
98;"Meeple Virus"
98;"berplay"
98;"Zito"
98;"Game Knight"
99;"CZ Cloud Soft Co Ltd"
99;"Top Licence Games"
101;"dlp games"
101;"Baldar"
101;"BGA Plus"
101;"Tasty Minstrel Games"
102;"Delight"
103;"Calliope Games"
103;"Abysse Corp"
104;"Cards Against Humanity  LLC"
107;"Anvndbart Litet Fretag"
108;"NrnbergerSpielkartenVerlag"
108;"Maldn"
108;"Mar Ldico"
108;"Oya"
108;"Popcorn Games"
108;"Pravi Junak"
109;"Educational Insights"
109;"Alary Games"
109;"Beverly Enterprises"
109;"Divisible By Zero DBZ Aust Pty Ltd"
109;"Educa Korea"
109;"Euro World"
109;"Granna"
109;"Green Board Game Co"
109;"Hodin"
109;"QfreeGames"
109;"Sekkoia"
109;"Winning Moves France"
109;"Winning Moves Germany"
111;"Endless Games I"
111;"Krnan"
111;"Nelospelit"
111;"Pando Games"
111;"Shafir Games"
111;"US Games Systems"
112;"AS Manufacturas"
112;"Canada Games"
112;"Desyllas Games"
112;"Ensky"
112;"Gebr Ludwigs oHG"
112;"Homax"
112;"International Games"
112;"sterreichische Post"
112;"Ruibal Hermanos SA"
113;"Blue Cocker Games"
113;"Deep Water Games"
113;"Dude Games"
113;"Fever Games"
113;"Jumping Turtle Games"
113;"SD Games"
113;"sternenschimmermeer"
114;"Bzier Games"
114;"Rawstone"
114;"UBO CnC"
114;"Viravi Edicions"
116;"Peliko"
117;"Planszoweczkapl"
119;"Lucky Duck Games"
119;"YingDi"
121;"Passport Game Studios"
121;"Pendragon Game Studio"
122;"Panda Game Manufacturing PandaGM"
123;"Play Factory"
124;"Indie Game Studios"
124;"Zygomatic"
125;"Garphill Games"
125;"Banana Games"
125;"Mosaico Jogos"
125;"Pixie Games"
125;"Primigenio Ediciones Primigenio"
125;"Yayoi The Dreamer"
125;"KenBill"
130;"Goat Wolf  Cabbage"
130;"Print  Play Productions"
131;"Super Meeple"
136;"Black Sea Games"
137;"Edinorog"
138;"Warfrog Games"
138;"FRED Distribution"
139;"Ludonova"
143;"Upper Deck Entertainment"
144;"Awaken Realms"
144;"Rebel Studio"
145;"Pearl Games"
146;"RD Games"
146;"Czacha Games"
146;"Dice Realm"
146;"Fabrika Igr"
146;"FoxMind"
146;"Game Salute"
146;"Quined Games"
148;"Thunderworks Games"
148;"GenX Games"
148;"Grok Games"
148;"Ogry Games"
148;"The Wood Games"
150;"Bambus Spieleverlag"
150;"Phalanx Games BV"
150;"Phalanx Games Deutschland"
152;"25th Century Games"
152;"Precisamente"
153;"Darwin Project"
153;"Halloween Concept"
155;"Mosigra"
156;"Serious Poulp"
157;"Cryptozoic Entertainment"
157;"NewGame"
157;"Planplay"
163;"Sleuth Publications"
163;"Ben Sanders Co"
163;"Casper"
163;"Chessex"
163;"International Team"
163;"Target Games"
163;"Futami Shobo Publishing Co"
164;"Across the Board"
164;"Do it games"
164;"Grey Fox Games"
164;"Sunnygeeks"
165;"Drosselmeyer  Co Ltd"
165;"Odysseia Jogos"
165;"Oink Games"
165;"Phantasia Co"
166;"The Avalon Hill Game Co"
166;"Dujardin"
166;"Schmidt France"
166;"Selecta Spel en Hobby"
166;"Smart Games"
168;"Hobby Game Mall"
168;"Keep Exploring Games"
168;"Kelloggs"
170;"ElfinWerks"
170;"Truant Spiele"
170;"Ulisses Spiele"
172;"Basic Fun"
172;"CentroCoop"
172;"Editions ATLAS"
172;"Eleven Force"
172;"HanbitSoft"
172;"Kod Kod"
172;"Magic Toys"
172;"Spdzielnia Rzemielnicza Otwock"
172;"Winning Eleven Productions"
172;"Winning Moves Australia Pty Ltd"
172;"Winning Moves UK Ltd"
173;"Sunriver Games"
173;"Funagain"
174;"Corax Games"
174;"Gameology Gameology Romania"
174;"Last Level"
177;"Fun Consortium"
178;"conception"
178;"DICE TOWER ESSENTIALS"
178;"Igiari"
178;"minimalGames"
181;"Czech Board Games"
183;"Sit Down"
186;"Holiday Games"
186;"Out of the Box Publishing"
187;"Idea Edizioni"
188;"Luimme"
190;"Gamelyn Games"
191;"MindWare"
191;"veil  Jeux"
191;"Ldilo"
191;"Outset Media"
193;"Nasza Ksigarnia"
195;"Karma Games"
196;"Funiverse"
206;"Ares Games"
206;"Nuts Publishing"
207;"Looney Labs"
207;"Hexagonal"
207;"Iron Crown Enterprises"
208;"Splotter Spellen"
209;"Vagabund"
210;"Hurrican"
210;"Neuroludic"
211;"NSKN Games"
211;"BoardDice"
211;"Bucaneiros Jogos"
212;"Sand Castle Games"
212;"17wanzy Yihu BG"
213;"Keymaster Games"
213;"Tranjis Games"
214;"Rolands Revenge Games"
215;"Asmadi Games"
215;"Igrology"
217;"Dr Finns Games"
217;"Rocks Games"
218;"Le Scorpion Masqu"
220;"Horrible Guild"
220;"InterHit"
221;"Egmont Litas"
221;"Kirjalito"
221;"Litor"
221;"Mass Games"
224;"Ammonit Spiele"
224;"Gigante Jogos"
224;"Hutter Trade GmbH  Co KG"
224;"rigoler"
226;"Ariel Productions Ltd"
226;"Brybelly"
226;"Carl Weible KG"
226;"Carlton Books"
226;"Cathay"
226;"Copp Clark Publishing Company"
226;"Fabbri Editore"
226;"The Game Crafter"
226;"The Game Keeper"
226;"Gamma Two Games"
226;"Gammon Games"
226;"General Sportcraft Company"
226;"Geoludie"
226;"Ha Ha Sisters LLC"
226;"Hausser"
226;"Hebsacker Verlag"
226;"HEMA"
226;"Hobby"
226;"Ishi Press International"
226;"JP Raymond Rivarola"
226;"Japan Publications"
226;"John N Hansen Co"
226;"LImpens Radical"
226;"Michael Stanfield"
226;"Mitra"
226;"Mitsubishi Fuso"
226;"Otto Maier Verlag"
226;"Philos"
226;"Play All Day Games"
226;"Ponnuki"
226;"Reiss Games"
226;"Sato Kei Shoten Co"
226;"Shin Kwang Baduk"
226;"Das Spiel"
226;"Spielquader"
226;"Woodstock Spiele"
226;"Yellow Mountain Imports"
226;"ZTS Plastyk"
228;"Riot Games"
229;"Action Phase Games"
229;"Frosted Games"
231;"CSE Games"
231;"Flying Tiger Copenhagen"
231;"Louvre Editions"
231;"MasterPieces Inc"
231;"Rabn  Sjgren"
232;"Bonaparte"
232;"Educa Sallent SA"
232;"Kawada"
232;"Co Ltd"
232;"Tsukuda Preschool"
233;"iHRYsko"
234;"Ceilikan Jogos"
234;"Skandinavisk  Spil Kompagni"
236;"Dont Panic Games"
238;"Ediciones de Mente"
238;"Face2Face Games"
238;"frlAgo AB"
238;"franjos Spieleverlag"
238;"Gonggan27"
238;"OPENN PLAY"
240;"Aquamarine Games COMPUDID"
240;"Arxon"
240;"Bookmark Verlag"
240;"Brain Games Germany"
240;"CBS Electronics"
240;"Clementoni"
240;"Coneways"
240;"Crown  Andrews Ltd"
240;"Espenlaub"
240;"Fjararfell"
240;"Fortuna Games"
240;"Fun Connection"
240;"Game Design"
240;"Goliath Games"
240;"H I T INDUSTRIES"
240;"LTD"
240;"Hansa Toy Co"
240;"Hertzano Ltd"
240;"Ideal"
240;"Intelli"
240;"Kingstone International"
240;"Lamda Limited"
240;"Lastentuotetukku KY"
240;"Lemada Light Industries"
240;"Lifetime Educational Games"
240;"M  G Pacific Toys"
240;"Masudaya Corp"
240;"Perner Produktions GmbH"
240;"Playtoy Industries"
240;"Shelbud Products Corp"
240;"Studio100"
240;"TM Toys"
240;"TOMA Sp z oo"
240;"Toy Club"
240;"Weico Produkte GmbH"
240;"Yangxin Industrial Company Limited"
242;"Brotherwise Games"
242;"Muduko"
242;"Redbox Editora Redbox"
242;"Trefl Joker Line"
245;"Wonder Forge"
247;"Plasto"
247;"Randolph"
247;"WOW What a World of Entertainment AB"
248;"Fireside Games"
252;"HOT Games"
252;"Playagame Edizioni"
253;"Fjlvatgfan"
254;"All In Games"
255;"4Kidz"
255;"AS Company"
255;"Diset S A"
255;"Globo Giocattoli"
255;"Javos PaN"
255;"Karto"
255;"PlayMonster"
255;"Premix"
255;"Somerville Ltd"
255;"Tactico"
255;"Takara"
255;"Trefl"
255;"Yetem SA"
255;"Foreign Trade Publishing House"
257;"Excalibur Board Game"
257;"Pro Ludo"
258;"Sir Chester Cobblepot"
259;"The City of Games"
259;"Skellig Games"
260;"Twilight Creations"
260;"Journeyman Press"
261;"Mindclash Games"
262;"Clever Mojo Games"
262;"LocWorks"
263;"Atlas Games"
263;"Calamity Games"
265;"Delicious Games"
265;"Atalia"
265;"Suki Games"
266;"Playgo Ltd Hong Kong"
266;"SpinBottle Games"
268;"Red Raven Games"
268;"Mysterious Island Games"
269;"BrownCastle Games"
269;"Carrom Company"
269;"Cogitate Games"
269;"Crokinole World"
269;"Felsberger"
269;"Ferti"
269;"Hilinski Brothers"
269;"Industries Prince"
269;"M B Ross"
269;"Mayday Games"
269;"Mr Crokinole"
269;"Muzzies Country Lane Woodshop"
269;"Tischlerei Knels  Jeske GmbH"
269;"Tracey Boards"
269;"Willard"
269;"Wooden Games Crokinole"
269;"Wooden You Know Crokinole Boards"
271;"EVA GAMES"
271;"Hunter  Cron"
272;"EmperorS4"
272;"Takamagahara"
272;"COLON ARC"
272;"Diversion"
272;"Ludopolis"
272;"PopcornEdu"
272;"Quick Simple Fun Games"
274;"Black Industries"
274;"Games Workshop Ltd"
276;"Fata Morgana Spiele"
276;"TIKI Editions"
277;"Novelty Corp"
277;"Tulip Games"
284;"Flying Frog Productions"
284;"Hobby Base"
285;"IGAMES"
287;"A F Blake Enterprises"
287;"BASFKnoll"
287;"Blake Enterprises"
287;"Front Porch Classics"
287;"Inca Perudo"
287;"KOZAK Games"
287;"L4 Studios"
287;"McNaughty Games"
287;"Mr B Games"
287;"Planet Finska"
287;"Reveal Entertainment"
287;"University Games"
288;"Sweet Games"
288;"Spaghetti Western Games"
289;"Cambridge Games Factory"
289;"Boat City"
292;"Chronicle Games Board Game"
293;"Argentum Verlag"
295;"Marabunta"
297;"Adam Opel AG"
297;"ESCToy Ltd"
297;"Goldmerk"
297;"Gorden Designs"
297;"Hayes Specialties Corporation HSC"
297;"MB Giochi"
297;"MB Spiele"
297;"Palet spil"
297;"Papita"
297;"RIWA Spiele"
297;"Teepe Sportverlag"
298;"Brinquedos Junges"
298;"Early Learning Centre"
298;"Full Base Union Enterprise Co"
298;"Go Games"
298;"Goki"
298;"Der Grne Punkt"
298;"IKEA"
298;"Inspirion"
298;"Irwin Toy Ltd"
298;"Leslie Scott Associates"
298;"Melco"
298;"OkoaAddendo"
298;"Paradigm Games Ltd"
298;"Pokonobe Associates"
298;"Publijuego"
298;"Salco"
298;"Santa Teresa"
298;"Siam Mandalay"
298;"Simba Toys"
298;"Skybound Games"
298;"SPM Syarikat Permainan Malaysia"
298;"Stihl"
298;"TopGame"
298;"TopToy"
298;"tridias"
298;"WWF"
300;"Mgnes"
302;"Flatout Games"
302;"Boardgame Mall"
302;"Delirium Games"
302;"Little Rocket Games"
308;"I Was Game"
313;"Arrow Games Ltd"
313;"Berliner Spielkarten"
313;"Btehorn Spiele Buchholz Verlag"
313;"Caribou Mountaineering"
313;"Chadwick Miller Inc"
313;"Classic Toys"
313;"Croner"
313;"Daells Varehus"
313;"Dos Reis"
313;"Galison"
313;"Galleryplay"
313;"Gamut of Games"
313;"Ghis"
313;"Gigliodoro"
313;"Glevum Games"
313;"Gold Medal"
313;"HABA"
313;"Halsall"
313;"Harlekin"
313;"Hector Saxe"
313;"IRWIN Games"
313;"Juegos Ya SL"
313;"KELeg"
313;"LuduScience"
313;"M Petrushkin"
313;"Marlboro"
313;"Matsui Gaming Machine"
313;"Maxco"
313;"National Novelty Corp"
313;"Origem"
313;"POS Handels GmbH"
313;"Pelikan"
313;"Pintoy"
313;"play time"
313;"Poolmaster"
313;"Przedsiebiorstwo Zagraniczne LABO"
313;"Regionalia Verlag GmbH"
313;"RoseArt"
313;"S  E"
313;"Saitek"
313;"Schou"
313;"Silk Cut"
313;"Sladecolour Board Games"
313;"Smethport Specialty Co"
313;"Square Root Games"
313;"Top Mark"
313;"Unicorn Products"
313;"Whitman"
314;"Games Research"
314;"Intellectual Diversions"
314;"Jedko Games"
314;"Joc Internacional"
314;"Kipos"
314;"Mondadori Giochi"
314;"Philmar"
314;"Waddington Sanders Ltd"
315;"Stone Blade Entertainment"
316;"Grimspire"
319;"Games Up"
319;"Fishbone Games"
320;"Paizo Publishing"
320;"Black Book ditions"
322;"Foxtrot Games"
323;"Goldsieber Spiele"
323;"Week End Games"
325;"Bright World Games"
325;"LudoSentinel"
326;"La Bote de Jeu"
326;"Blackrock Games"
326;"Evrikus"
326;"Kobold Spieleverlag"
326;"MTS Games"
326;"Studio Supernova"
328;"MB peli"
328;"MB spel"
328;"MB spil Danish"
330;"FruhlingHonpo"
331;"Discovery Toys"
331;"Elmark"
331;"MoBi"
331;"Ronda"
336;"Cryptic Cardboard"
338;"Juegos Scala SA"
338;"Target"
338;"Tomy Company"
338;"Ltd Takara Tomy"
340;"Set Enterprises"
340;"CreativaMente"
344;"Winsome Games"
346;"Hersch and Company"
354;"Gale Force Nine"
354;"Battlefront Miniatures Ltd"
356;"sterreichisches Spiele Museum eV"
357;"Gemblo"
357;"Osprey Games"
359;"Restoration Games"
362;"Drei Magier Spiele"
362;"Lion Rampant Imports"
363;"11 bit studios"
363;"Summon Games"
366;"Nova Game Designs"
366;"PewterCraft"
367;"Jelly Jelly Games"
368;"Morning Players"
368;"Story Factory"
373;"Hall Games"
373;"Fullcap Games"
374;"Sylex"
378;"OKAZU Brand"
381;"Beacon Multimedia SA"
383;"Koch Media GmBH"
386;"Historien Spiele Galerie Historien Spielegalerie"
386;"Vision"
388;"Toy Box Games"
391;"Day Day Board Game"
392;"Looping Games"
392;"Strohmann Games"
397;"AG Mller AGMller"
397;"Coach House Games"
397;"Helmut Lingen Verlag"
397;"Heraclio Fournier"
397;"Jax"
397;"Prime Promotion"
397;"Starz Entertainment"
397;"TS Spielkarten"
397;"The United States Playing Card Company"
397;"White Wolf Entertainment AB"
398;"Tropical Games"
398;"Microsoft Game Studios"
399;"Bananagrams"
399;"PelikoMartinex Oy"
401;"Spielworxx"
403;"Jeux sur un Plateau"
404;"Fowers Games"
404;"Craftando Jogos"
405;"Cartamundi"
406;"Nabita World co"
408;"Enjoy Game"
409;"Edition Maritim"
411;"Edition Spielwiese"
411;"Artipia Games"
411;"Nova Era"
411;"Spilaborg hf"
412;"Phalanx Games Polska"
413;"Common Man Games"
414;"Treefrog Games"
416;"Choo Choo Games"
416;"NizaGams"
418;"BLAM"
418;"ABBA Games"
418;"WoodCat"
419;"K Fisher Enterprises Ltd"
419;"Gametrade Distribuzione"
419;"Modiano"
420;"Magic Store Srl"
421;"Sugorokuya"
430;"Action Games and Toys Ltd"
430;"The American Belt Company"
430;"Aristoplay"
430;"BCF"
430;"CBN Razor Company AB"
430;"Exclusive Toy Corp"
430;"Games International BV"
430;"Gegu Spielwaren GmbH"
430;"Gherzi"
430;"House of Games"
430;"Jouets MontBlanc"
430;"Kaywood Corp"
430;"Lakeside"
430;"Magic Box Int"
430;"Maple Toys"
430;"Marc Piqu Reg"
430;"Max Dhnert  Shne"
430;"Montitoys"
430;"Mulder"
430;"Novedades Montecarlo"
430;"NuBef"
430;"Pais e Filhos"
430;"Peter Pan Playthings"
430;"Playkar"
430;"Sala"
430;"Selecta Spielzeug"
430;"Stellar Games"
430;"Transogram"
430;"Trixy Games"
430;"Unikatoy"
430;"Vilpa"
430;"Wilco Publishing"
432;"Ankama"
432;"Board Game Box"
432;"Brain Picnic"
432;"Neptuno Games"
433;"Minion Games"
433;"krtyagyr"
433;"Pensamento Coletivo"
436;"Game Office"
436;"Toyster"
437;"TCG Factory"
438;"GDM Games"
438;"Geek Attitude Games"
438;"MoveTheGame Edizioni"
440;"Roomiz Games"
442;"inPatience"
444;"Board Game Rookie"
453;"5th Peg"
453;"Acme Ruler Company"
453;"AreJay Game Company"
453;"CR Gibson"
453;"Decipher"
453;"Double Diamond"
453;"Field Mfg Co"
453;"Frameworth Sports Marketing"
453;"Gapple"
453;"Horn"
453;"Hoyle Products"
453;"JK Games"
453;"John Player  Sons"
453;"Lashs Bitters"
453;"MacGregor Historic Games"
453;"Manindo"
453;"Montrose Games LLC"
453;"Schweppes"
453;"W D  H O Wills"
455;"Fun Supply"
456;"Cranium"
456;"Giochi Preziosi"
458;"Lotus Frog Games"
460;"Chip Theory Games"
462;"Kolossal Games"
465;"The Canadian Group"
465;"Crown Products"
465;"Longshore Limited"
469;"KK International"
469;"Global Partner"
470;"Editorial Dos Pasos"
470;"Grimaud"
470;"Russimco Games"
470;"Top Cards"
471;"Eskifell hf"
471;"I on U"
472;"Wehrlegig Games"
473;"Far Off Games"
476;"Yuhodo"
480;"GRRRE Games"
480;"Hachette Boardgames"
481;"Four Esses"
482;"APE Games"
483;"Kingdom Death"
485;"Martnez Roca"
485;"Unicorn I"
487;"Salt  Pepper Games"
489;"Pretzel Games"
490;"2K Games"
490;"Firaxis Games"
492;"Game Republic"
492;"cosaic"
501;"Wiggles 3D"
502;"Don  Co"
502;"Smart Toys and Games"
505;"Palm Court"
510;"Two Lanterns Games"
522;"A1 Games"
522;"Kronos Games Krogam"
525;"Identity Games International BV"
525;"Immortal Eyes Games"
525;"Play Smart"
532;"KDS Distribuzione Italy"
533;"BuiltRite"
533;"CES"
533;"Compass Labs Inc"
533;"Crown Games"
533;"Distribuzione Associata Giocattoli"
533;"Ducale"
533;"East Hull Press"
533;"The Embossing Company"
533;"Everlite Travel Goods"
533;"Executive Games"
533;"FJT Inc"
533;"FridgePlay"
533;"G J Hayter  Co"
533;"Galt Toys"
533;"Games Hub"
533;"Globe Series of Games"
533;"Great American Trading Company"
533;"Guild Publishing"
533;"H P Gibson  Sons"
533;"Halsam"
533;"Hershey"
533;"John Deere"
533;"The Kennedy Co"
533;"Kentheon Corporation"
533;"Marchant"
533;"McCormick  Co"
533;"Miko"
533;"Nathan"
533;"National Game Company"
533;"Old Time Games"
533;"Peaceable Kingdom"
533;"Pier 1 Imports"
533;"Plasticart"
533;"Puremco"
533;"Quaker Oats"
533;"Rico Industries"
533;"Siso Trend"
533;"SPIKA GmbH"
533;"Standard Oil"
533;"Toysmith"
533;"The Traditional Games Co Ltd"
533;"Triang"
533;"Wee Folks"
534;"Aero Lloyd"
534;"Aventis"
534;"DaddyO Productions"
534;"HaPe International"
534;"IMC Games"
534;"Impag Toys Europe BV"
534;"Innovakids GmbH"
534;"International Playthings"
534;"Joen"
534;"Leksam"
534;"Loncraine Broxton  Partners Ltd"
534;"Northwest Corner"
534;"Ottensten"
534;"Plastolus Szarvas"
534;"Pussers"
534;"Remy Martin"
534;"Schylling"
534;"Sparkasse"
534;"Stillmark Oy"
534;"Swing Ltd"
534;"Terra Toys"
534;"Tiger"
534;"Tiimari"
534;"ZPH Elbar"
536;"Burnt Island Games"
536;"Grand Gamers Guild"
536;"Board Game Circus"
538;"Hazgaard Editions"
540;"Bojeux"
540;"Editions Edmond Dujardin"
540;"Hola Colina SA Colombia"
540;"Litas Spil"
540;"Play Value USA"
540;"TF1 Games"
541;"Ludically"
542;"SlugFest Games"
543;"Horn Abbot International"
543;"Horn Abbot Ltd"
545;"Ludodlire"
547;"Button Shy"
547;"Funbox Editora"
548;"AS Informa Forlag"
548;"Assim Toys"
548;"Baravelli"
548;"BSiri Business"
548;"Clem Toys"
548;"Double Games"
548;"Four Generations"
548;"Fun4All Corp"
548;"GRRR"
548;"Gabriel"
548;"Gazebo Games UK Ltd"
548;"H Carlsen AB"
548;"Hallmark Games"
548;"Henry Higgins Promotions"
548;"Mega House"
548;"Mller Ltd  Co KG"
548;"Nyt Nordisk Forlag"
548;"Playcraft Toys Limited"
548;"Random House"
548;"Sanrio"
548;"Ta Devr Oyuncak"
548;"Tryne"
548;"Tsukuda Hobby"
548;"Universal Cards GmbH"
548;"VEB Germaplast"
548;"Villy Nielsen ApS"
548;"Waddy Production"
552;"Devil Dice Games"
552;"Grail Games"
554;"Klask ApS"
554;"Big Potato"
554;"CLD Distributing"
554;"FantasTies"
555;"Game Brewer"
555;"Ergo Ludo Editions"
556;"Brite Power International Ltd"
556;"Capipa diteur Jeux ducatifs"
556;"Stylus"
559;"APEX Spiel und Hobby"
559;"The Games Gang"
559;"Joseph M Cornacchia Inc"
559;"Pictionary"
566;"Hartland Trefoil Ltd"
566;"ACE Pelit Oy"
566;"Compendium Games"
566;"Spiel  Kunst"
566;"Welt der Spiele"
570;"Family Games"
570;"Hachette Board Games UK"
570;"Ludens Spirit"
570;"Marks  Spencer"
570;"Smart Chick"
576;"Altar Games"
578;"Rightgames RBG SIA"
579;"The Skipbo Company"
587;"A D Richter  Cie"
587;"Blizzard Entertainment"
587;"Brevete SGDG"
587;"Carlsberg"
587;"Chinese Arts  Crafts"
587;"Educa Borras"
587;"Golconda"
587;"Grapet"
587;"Guanhua"
587;"Intercontor AG"
587;"John Lewis"
587;"Kerrys Mah Jong"
587;"KR"
587;"Laurence King Publishing Ltd"
587;"National Games"
587;"National Mah Jongg League"
587;"Olsen"
587;"Perry  Co Ltd"
587;"Royal Depth"
587;"Spdzielnia Rzemielnicza Wielobranowa Przemysaw"
590;"Abalone Games"
590;"abalone sa"
590;"Abstract Games magazine"
590;"Carrom Art"
590;"Galoob"
595;"Cosmic Games"
600;"Kenbrite"
600;"Krajowa Agencja Wydawnicza"
600;"Orda Industries Ltd"
600;"Teknisk Forlag"
600;"VEB Plastspielwaren Berlin"
600;"VicToy"
600;"Shu Creation"
602;"Cheapass Games"
602;"Titanic Games"
603;"Grimpeur"
603;"Kossetsu Games"
603;"Sunny Games"
606;"Accessijeux"
606;"Back Alley Games"
606;"Marbles The Brain Store"
615;"Hush Hush Projects"
616;"Lelekan"
617;"Gamemasters Inc"
622;"A M Smith"
622;"California Wine Depot"
622;"AA Ldica"
622;"Anton Publications"
622;"Bacardi Limited"
622;"Bag of Bonz"
622;"Bambolino toys"
622;"Callaway"
622;"Chas Goodall  Sons Ltd"
622;"Cockburns Port"
622;"Codeg"
622;"Comas"
622;"CowoC Inc"
622;"Daigt"
622;"Dohnytoys"
622;"Elkloid Company"
622;"Enoch Morgans Sons Co"
622;"Esso"
622;"Excite Limited"
622;"Great American Puzzle Factory"
622;"Greenbrier International"
622;"Jaymar Specialty Co"
622;"Kids at Work"
622;"Lucky Group"
622;"Marion Co"
622;"McLoughlin Brothers"
622;"Natural Games"
622;"Oetinger Spiele"
622;"Old Holborn"
622;"Pepys Castell Brothers"
622;"Playskool"
622;"RJ Reynolds Tobacco Co"
622;"Rite Lite Ltd"
622;"RMS International Ltd"
622;"Saml Gabriel Sons and Company"
622;"Simpson Spring Company"
622;"Soviet Union"
622;"Die Spiegelburg"
622;"Stokes  Dalton"
622;"Venture Inc"
622;"Wood Works"
625;"Adrenaline Brush Ltd"
625;"Bohemia"
625;"Brookstone"
625;"Cylinder Games"
625;"DominoVerlag"
625;"Elven Games"
625;"Games  Graphics Inc"
625;"Gerd Koch"
625;"Holzinsel"
625;"Intermn Oxfam"
625;"Juguetes del Puerto"
625;"Kontrell Industries"
625;"Lazy Days I"
625;"Learningsmith"
625;"Maplegrove"
625;"Natural Wonders"
625;"PICO PAO  Juegos de la Antigedad"
625;"Profound"
625;"RCR Terry GmbH"
625;"Science4You"
625;"Starbucks Coffee Company"
625;"Whitman Golden Ltd"
625;"Worldwide Games"
638;"Sherlock SA"
639;"W H Storey  Co"
641;"Penny Arcade"
643;"Robot Martini"
645;"ASYNCRON games"
645;"Geeks N Orcs"
647;"Nauvoo Games"
652;"Road To Infamy Games R2i Games"
654;"Fragor Games"
655;"Breaking Games"
655;"Asmodee Spain"
655;"TeeTurtle"
655;"Unstable Games"
658;"Grandpa Becks Games"
667;"Stratagem Game Design"
670;"Aporta Games"
670;"Dal Tenda"
670;"Sharp Point Publishing"
673;"Nazca Games"
685;"Megacorpin Games"
685;"Taverna Ludica Games"
686;"Funtails"
687;"SUNNY BIRD"
692;"Formal Ferret Games"
694;"Purple Meeple Games"
697;"Mondo Games"
697;"Lucky 6ix"
701;"dbSpiele"
703;"Five24 Labs"
703;"funbot"
703;"Poketto"
703;"Saikorodo"
715;"Axel"
716;"Drumond Park Ltd"
716;"The Game Works"
716;"Popular de Juguetes"
716;"VakaHelgafell"
716;"Weston Group"
719;"Tesla Games"
721;"Sinister Fish Games"
724;"David Moffat Enterprises"
724;"MB spill"
724;"Recycled Paper Products"
724;"Winning Moves International Ltd"
732;"Playroom Entertainment"
735;"Jing Studio"
735;"Midnight Jungle"
739;"Orange Nebula"
742;"Game On Publishing LTD"
747;"Gozoku"
751;"Creative Wargames Workshop"
751;"Purgatory Publishing"
751;"West End Games"
754;"Djama Games"
756;"Moskito Spiele"
756;"Valley Games"
760;"Capsicum Games"
764;"Tkallinn"
767;"Froschknig GmbH"
769;"Funville Games"
769;"Gamesformotion"
769;"Global Toys AB"
769;"IMC Toys"
769;"Teorema"
769;"Tomland"
778;"Act in games"
784;"Mizo Games"
785;"Gallimard"
785;"Pelito"
785;"Protocol Productions"
785;"RIPA"
785;"Sfera"
785;"Ventura International"
789;"Druid City Games"
789;"Mirakulus"
791;"Trick or Treat Studios"
791;"Imagine Jogos"
804;"Van Ryder Games"
812;"ViniSpil"
815;"Petersen Games"
815;"Green Eye Games"
824;"GameField"
825;"Stardock Entertainment"
826;"The Bored Game Company"
829;"REGIO Jtk"
830;"Alley Cat Games"
833;"Finnish Game House"
833;"Laurin Verlag"
835;"Unicopli"
838;"Adamigo"
838;"Adolf Johnsons frlag"
838;"Allan Rity"
838;"Clark  Sowdon"
838;"Clown Games"
838;"Coleco Industries"
838;"Cutler  Saleeby"
838;"E E Fairchild Corporation"
838;"EXIMP Kft"
838;"Ftter BR"
838;"Gerling  Rockstroh"
838;"Graphic Studio Forsage"
838;"Graphische Kunstanstalt Robert Maiwald"
838;"Guinness Exports Ltd"
838;"Hamleys"
838;"Hugo Grfe Verlag"
838;"IPC Magazines"
838;"John Adams Toys"
838;"Joseph Schneider"
838;"Koliopoulos"
838;"F Krick"
838;"Lemeco"
838;"Leonardo"
838;"Nederlandse Spellenfabriek BV Amsterdam"
838;"Oberschwbische Magnetspiele"
838;"Out Of The Blue KG"
838;"Pari Mutuel Urbain"
838;"Retro Range Toys and Games"
838;"Saga"
838;"Senet Belgium"
838;"Spes"
838;"Stockinger  Morsack"
838;"TR Crisp Graphics"
838;"Traditional Game  Toy Company"
838;"United Labels AG"
838;"Usborne"
838;"VEB Landesdruckerei Sachsen"
838;"Viking Toys"
838;"Watkins Strathmore"
838;"Wilder Manufacturing Co"
838;"Woolley  Co"
838;"WOSI Wspolna Sprawa"
838;"touch"
842;"Boom Boom Games"
844;"Daily Magic Games"
844;"Crazy Pawn Games"
845;"Smirk  Dagger Games"
849;"Epic Games"
853;"Kayal Games"
856;"Drawlab Entertainment"
856;"Playhouse"
857;"SpieleOffensivede"
860;"Mind Bottling Games"
862;"Catch Up Games"
862;"GaminBIZ"
862;"Ultra PRO"
863;"Wydawnictwo Gobiewski"
866;"DiceBones"
867;"Menart"
870;"Surprised Stare Games Ltd"
871;"Tuesday Knight Games"
873;"Portal Dragon"
875;"Games 4 Gamers"
876;"GAMEARChive"
879;"Dust Games"
882;"Snowdale Design"
882;"Board Game Leisure"
882;"Bragelonne Games"
887;"Yemaia"
888;"Mad Mans Magic"
891;"Pencil First Games"
897;"Doris  Frank"
904;"BoardBros"
909;"Amo Oy"
909;"Fotorama de Mxico"
909;"Gakken"
910;"A  G Manufacturing Company"
910;"Aristospel"
910;"Bengt D Bengtsson frlag"
910;"Berea College Crafts"
910;"Chun Yee Toy Factory"
910;"Clemens Gerhards"
910;"Crestline Manufacturing Company"
910;"Domino Vertriebs GmbH"
910;"Douwe Egberts"
910;"Encore"
910;"Euer Spielemnnlein"
910;"Fairylite"
910;"Josef Friedrich Schmidt"
910;"Just Games I"
910;"Kaysons Novelty Co"
910;"Linde Nielsen"
910;"Little Harbor Corporation"
910;"LOS"
910;"Milomex"
910;"MP Juegos"
910;"Muskaan Toyz"
910;"Nelostuote Oy"
910;"Northwestern Products Co"
910;"Ohio Art"
910;"Ranger Steel"
910;"Ridleys Games"
910;"Royal Series"
910;"Steven Manuf Co"
913;"C and C Publishing"
917;"Cafe Games"
917;"Ravensburger Buchverlag"
918;"Vem Pra Mesa Jogos"
919;"Boosterboxnl"
919;"Magazzini Salani"
919;"Mindtwister AB"
919;"moses Verlag GmbH"
919;"Simetro books"
920;"Intellect Games"
920;"Novoplast"
922;"Jactalea"
922;"Geoni"
923;"Aldebaran Games"
923;"CraMor"
923;"Flying Tricycle"
923;"Home Run Games"
923;"Japan Network Security Association JNSA"
923;"Lost Games"
923;"Serfs In The Pot"
925;"Level 99 Games"
926;"Ragnar Brothers"
930;"Victory Point Games"
931;"Cosmodrome Games"
935;"Happy Color"
938;"Kidconnection"
938;"Kids Fun Factory"
938;"Paladone"
939;"Kayenta Games"
942;"JAK"
948;"HT Publishers"
948;"Santa Ragione"
950;"Boardcubator"
957;"Gremlin Project"
961;"Monolith"
965;"FunMIllru"
966;"BakaFire Party"
966;"Studio Yax"
969;"Editions Philibert"
973;"Brain Star"
976;"Revolution Games I"
977;"Abel Klinger"
977;"Brckner Spiele"
977;"Colorforms"
977;"Crown Puzzles"
977;"Dean Designed"
977;"Dr Oetker"
977;"ditions Gladius International"
977;"eeBoo"
977;"Falcon Games I"
977;"GNOM"
977;"Grafix Travel Games"
977;"Harlesden Games"
977;"Jewish Educational Toys"
977;"Jos Scholz"
977;"Kala Raksha"
977;"The Kirk Game Company Inc"
977;"The Learning Journey"
977;"London Drugs"
977;"Multum in Parvo Co"
977;"Nestl"
977;"Nickelodeon"
977;"Odhams Press"
977;"Orchard Toys"
977;"P A Huldbergs bokfrlag"
977;"Pierre Belvdre"
977;"Robertsons"
977;"Samuel Lowe Co"
977;"Suberlin  Pfeiffer Sa"
977;"Vevey"
977;"Sennepsfret"
977;"Southern Cross"
977;"Spiel Spass"
977;"Standard Publishing"
977;"Three Wishes"
977;"Valentines Games"
977;"VCP Verband Christlicher Pfadfinderinnen und Pfadfinder German Protestant coed Scouting and Guiding association"
977;"Walter Flechsig"
979;"Good Games Publishing"
980;"Nash Games"
982;"Metafactory Games"
986;"Academy Games"
990;"Jolly Roger Games"
994;"Bizak"
998;"Briarpatch"
998;"Creative Child Games"
998;"JARU Inc"
998;"Russell Manufacturing Company"
998;"ThinkFun"
1005;"Underdog Games I"
1009;"Cutting Edge Publishing  Design House GmbH"
1009;"Spielfreaks"
1017;"TSR"
1025;"Lone Shark Games"
1026;"Jumpin Banana"
1026;"ToiToys BV"
1028;"BoardGameTablescom"
1030;"Columbia Games"
1037;"SchilMil Games"
1037;"JOYPIE"
1040;"Catalyst Game Labs"
1043;"Inside the Box Board Games LLP ITB"
1043;"Second Gate Games"
1045;"Lord Carter"
1050;"The Pokmon Company International"
1052;"Rosengarten"
1053;"Piece Craft"
1053;"Purple Brain Creations"
1054;"JKLM Games"
1054;"El Viejo Tercio"
1055;"Gorgonstar Publications"
1059;"Murmel Spielwerkstatt und Verlag AG"
1064;"Eon"
1068;"O Capturador"
1073;"Galmadrin"
1074;"Yellow Star"
1074;"Yellowstar Games"
1081;"Homosapiens Lab"
1081;"Moaideas Game Design"
1083;"Steamforged Games Ltd"
1088;"StrataMax Games"
1091;"Anomia Press"
1093;"lot 307"
1097;"HC Distribuzione"
1108;"Switch Games"
1109;"Diseos Orbitales"
1109;"ISA"
1119;"Helvetiq"
1119;"HRAS"
1119;"Tuckers Fun Factory BV"
1125;"PSC Games"
1128;"XGen Studios"
1133;"Funko Games"
1135;"MultiMan Publishing"
1137;"Melmac Games"
1138;"Amuze"
1138;"Cookie Jar Entertainment"
1138;"Danawares"
1138;"DisneyPixar"
1138;"Feva UK Ltd"
1138;"HabanoTrisma SA"
1138;"Humbert  Brandt GmbH"
1138;"Kohner Bros"
1138;"Mountains China Co Ltd"
1138;"Saenggak Plus Edu"
1138;"Sambro"
1149;"Japanime Games"
1156;"Edition Perlhuhn Gttinger Spiele"
1158;"DG Games I"
1159;"Alox Manufacturing Company"
1159;"Giftco"
1159;"HistoryGamesit"
1159;"John Millman"
1159;"Logoplay Holzspiele"
1159;"Screen Patch Co"
1159;"The Shanin Group"
1159;"Tobar Ltd"
1159;"Wales Game Systems"
1163;"Editora New Order"
1165;"Luma Games"
1169;"Arch Games"
1170;"Curiosity Games"
1171;"The Creativity Hub"
1171;"Kadon Enterprises"
1172;"W Nostheide Verlag GmbH"
1180;"Walter Mllers Spielewerkstatt"
1182;"Mont Tber"
1183;"Bodogeimu"
1195;"Instytut Pamici Narodowej IPN"
1196;"Ediciones Zinco SA"
1196;"Falconer Printing"
1196;"Fanpro"
1196;"FASA"
1196;"Imperium Jogos"
1196;"PROGames"
1196;"Olive"
1200;"Cwali"
1202;"Pegasus ToyKraft Pvt Ltd"
1211;"Brightway Products Ltd"
1211;"Robert P Moore Games"
1214;"Denys Fisher Toys"
1214;"Flair Games"
1214;"MindTrap Games"
1214;"Ooba Games"
1221;"IronWall Games"
1225;"Sierra Madre Games"
1225;"Ion Game Design"
1237;"Kawasaki Factory"
1239;"Giseh Verlag"
1239;"KnC"
1239;"Mica Games"
1239;"Mindtwister USA"
1246;"ThunderGryph Games"
1246;"BGNations"
1257;"Arsenal Publishing"
1260;"Odd Bird Games"
1261;"AdlungSpiele"
1266;"Stiftung Spielen in sterreich"
1269;"Catan GmbH"
1270;"HCM Kinzel"
1276;"Art Games"
1283;"Elf Creek Games"
1283;"Happy meeple games"
1285;"Shining Creations"
1287;"Driftwood Games"
1292;"Factor Games"
1292;"Nike and Cooper Espaola"
1292;"SA"
1293;"Tau Leader Games"
1310;"Take On You"
1318;"Funatical"
1319;"HANALL MC"
1320;"Moria Games"
1323;"Forbidden Games"
1324;"Lark  Clam"
1339;"Histogame"
1341;"Dutch Blitz Games Company"
1342;"Giochi Rari"
1344;"Overworld Games"
1344;"Pull the Pin Games"
1346;"Sharp Games"
1364;"Emperor Penguin Games"
1366;"Studio GG"
1367;"Chili Spiele"
1367;"Mamute Jogos"
1367;"Strategic Space"
1372;"Holy Grail Games"
1372;"Synapses Games"
1374;"Aires"
1374;"Fanha e Raposo"
1374;"Lda"
1374;"ZickZack Spieleverlag"
1376;"Wyrd Edizioni"
1384;"Berserkr Jogos"
1384;"Edgard"
1384;"Fat Messiah Games"
1384;"Gorilla Games"
1384;"Le Joueur"
1386;"Dice Hate Me Games"
1392;"Atlantic Playing Card Company"
1392;"Playbox"
1392;"TAG"
1392;"Yaquinto"
1396;"Snake Oil"
1405;"TM Games"
1406;"Ndemic Creations"
1407;"Burley Games"
1407;"Zvata Studios"
1408;"Facade Games"
1408;"Asobition"
1416;"Elzra Corp Elzra"
1418;"Sirlin Games"
1420;"Cross Circle Games"
1422;"SuperPauli"
1425;"Toy Vault"
1426;"Pente Games"
1427;"Dice High Company"
1428;"Bezzerwizzer ApS"
1429;"NG International Srl"
1438;"Mythic Games"
1442;"Oy Lollipop Ab"
1446;"Flying Buffalo"
1446;"Inc FBI"
1453;"Themeborne Ltd"
1453;"Exod games"
1464;"Studio H"
1464;"Geronimo Games"
1469;"Irongames"
1471;"Meromorph Games"
1475;"LudoArt Verlag"
1476;"Topps"
1479;"Real Fun Toys"
1487;"Metagaming"
1491;"Pfizer"
1492;"Heidelbear Korea"
1495;"comdirect"
1495;"Die 3 Spielmacher"
1495;"Albert Heijn"
1495;"Allguer Zeitung"
1495;"AMMO Books"
1495;"Anko Spiele"
1495;"Art Keeping"
1495;"BBC Enterprises"
1495;"Belmonte"
1495;"Bendon"
1495;"Bentino GmbH"
1495;"Bible Games Central"
1495;"Big Box"
1495;"BIS Publishers"
1495;"Blue Opal"
1495;"BMG Ariola Merchandising"
1495;"Boehringer Ingelheim"
1495;"Bruner Produktmanagement"
1495;"Brinquedos Toia"
1495;"British Gas"
1495;"Buena Vista Home Video Buena Vista Software"
1495;"The Center for the Gifted Child"
1495;"Chetart"
1495;"Chronicle Books"
1495;"Classical Historian"
1495;"Cool Muses"
1495;"Deje novine"
1495;"Depesche"
1495;"Deutsche Bundespost"
1495;"Deutsche EisenbahnVersicherungskasse DEVK"
1495;"Disney Theme Park Merchandise"
1495;"Djeco"
1495;"Dr Rolf Ottmller"
1495;"EA Seemann"
1495;"eBay"
1495;"ebos wonderful reminders"
1495;"EDUCards Mfg"
1495;"Edm Romberg  Sohn"
1495;"FaberCastell"
1495;"Faithful Kids"
1495;"Falke Wolkenhopper"
1495;"Fisher Price"
1495;"Frank Schaffer"
1495;"Frankie  Bennys"
1495;"Fresh Artists"
1495;"Gartenverlag Ansbach"
1495;"Generalife"
1495;"Gosling Games"
1495;"Grammar Gamecards"
1495;"Granada Publishing Limited"
1495;"hfullmann"
1495;"HarettGilmar"
1495;"HARIBO GmbH  Co"
1495;"Hemmets Journal AB"
1495;"HermannGmeinerFonds Deutschland eV"
1495;"Hugendubel Verlag"
1495;"HungryRobot"
1495;"I Can Do That Games"
1495;"Igra Toys"
1495;"Imagination Games"
1495;"Impact Photographics"
1495;"Inkognito"
1495;"Insel Verlag"
1495;"Jacobsony"
1495;"juegos EDUCA"
1495;"Justizbehrde Hamburg"
1495;"K Hjelm Frlag AB"
1495;"Kazi Studios"
1495;"Kew Gardens"
1495;"KIDFUN"
1495;"Kids Games Ltd"
1495;"KiK Textilien und NonFood GmbH"
1495;"Kronans Apotek"
1495;"Kustannus Oy Minnie"
1495;"Lagerhaus"
1495;"Manufactum"
1495;"Max Hamburgerrestauranger AB"
1495;"MeterMorphosen"
1495;"The Metropolitan Museum of Art"
1495;"Ministerium fr Umwelt"
1495;"Raumordnung und Landwirtschaft"
1495;"Missio"
1495;"Mission Nutrition"
1495;"Mudpuppy"
1495;"Music Games"
1495;"NASA"
1495;"National Geographic Society"
1495;"National Wildlife Federation"
1495;"Neukirchener Verlag"
1495;"NixProductions"
1495;"Off Toulon"
1495;"Otava"
1495;"Otto Maier Benelux BV"
1495;"Paletti"
1495;"Patmos"
1495;"Peter Hammer Verlag"
1495;"Play Time Promotions"
1495;"PlayMobil Interactive"
1495;"Pomegranate Communications"
1495;"Prestel Verlag"
1495;"Princeton Architectural Press"
1495;"Princip Game"
1495;"radio Bamberg"
1495;"REMUS Produktions und Entwicklungs GmbH"
1495;"RPS"
1495;"Schlke  Mayr"
1495;"Schwager  Steinlein"
1495;"Spektrum der Wissenschaft"
1495;"Spiel mal"
1495;"Spirit Marketing"
1495;"Stadt Eberswalde"
1495;"Sddeutsche Zeitung"
1495;"Suomen Perinnepurjelaivat RY"
1495;"TalicorAristoplay"
1495;"Taz"
1495;"TEDi"
1495;"Time Life"
1495;"Tourist Verlag"
1495;"Tree Toys"
1495;"Ulj"
1495;"Verein fr Zahnhygiene eV"
1495;"Verlag fr Lehrmittel Pssneck"
1495;"Verlag Junge Welt"
1495;"Verlagshaus Braun"
1495;"Viacom International"
1495;"WH Almere WinsHolland"
1504;"Rook Card Company"
1506;"Wiggity Bang Games"
1515;"Mind the Move"
1519;"bhv Software"
1524;"Innovention Toys"
1529;"Leo Toys"
1529;"Relaxx"
1532;"oook Game"
1532;"Playte"
1535;"Rooster Games"
1549;"Krok Nik Douil editions"
1549;"Coffee Haus Games"
1551;"The Lumenaris Group"
1555;"Citizen Games"
1557;"Rock Manor Games"
1557;"Bumble3ee Interactive"
1557;"Treetato Studio"
1567;"Ambassador Games"
1567;"Blue Sky Inc"
1567;"Khler"
1576;"Uhrwerk Verlag"
1578;"Ml og menning"
1582;"Ninja Division"
1582;"Soda Pop Miniatures"
1592;"NekoCorp"
1598;"Ahorn Holz und Spiel"
1598;"Brained"
1598;"F Brunner"
1598;"Frank H Richards"
1598;"Irwin Pacific"
1599;"Griggling Games"
1600;"GiftTRAP Enterprises"
1600;"SteinThompson Games"
1604;"Saashi  Saashi"
1604;"Big Fun Games Board Game"
1605;"z Editions"
1608;"Ascora Games"
1613;"Bunbun Games"
1613;"DMZ Games"
1626;"Deep Thought Games"
1626;"Golden Spike Games"
1633;"DVS Games"
1634;"Mojito Studios"
1642;"Bartl"
1642;"Chateau"
1642;"Cordinal industries"
1642;"James Industries"
1642;"John Dewar  Sons Ltd"
1642;"Joseph Huber"
1642;"Kikkado Design"
1642;"Kikkerland"
1642;"Klutz Press"
1642;"KO"
1642;"Lifetime Games"
1642;"Lord Zigaretten"
1642;"O Schoenhut  Co Inc"
1642;"Palet Miro"
1642;"Plaza Mfg Co"
1642;"Printworks"
1642;"Rozelle"
1642;"Spdzielnia Pracy im Stanisawa Dubois"
1642;"Sundry Products"
1643;"Legendary Games"
1653;"Dolphin Hat Games"
1653;"Black Sea Puzzles"
1659;"CD Projekt RED"
1663;"James Ernest Games"
1663;"Wyrmwood Gaming"
1665;"Rallyman"
1666;"Dast Work srl"
1673;"Asmodee Taiwan"
1674;"Ludus Magnus Studio"
1681;"Giga Mech Games"
1681;"Side Room Games"
1684;"Lil Cerebral"
1686;"Hobbygames Ltd"
1686;"SimplyFun"
1687;"Gale Force Publishing"
1694;"QBIST"
1695;"Abi Games"
1695;"Guf Studios"
1715;"HOLYSWORD GAMES"
1715;"Lockme"
1717;"CollettSproule Boxes"
1717;"Limited"
1717;"Holdsworth Thos  Sons"
1717;"Manhattan Agencies"
1717;"NV Smeets  Schippers Amsterdam"
1717;"Tiger Electronics"
1717;"Tiger Games"
1718;"Altema Games"
1718;"Golden Bell Games"
1719;"CarsonDellosa Publishing"
1719;"Castle Classics"
1719;"Fabrica de Juguetes SL Chicos"
1719;"GDCGameDevCo Ltd"
1719;"GeoLearning Corporation"
1719;"Huntar Co"
1719;"Ingham Day"
1719;"King Features Syndicate"
1719;"Lucy Hammett Games"
1719;"Popular Playthings"
1719;"Radica"
1719;"Regal Games"
1719;"Sesam"
1719;"TREND enterprises"
1724;"Big G Creative"
1729;"Citadel UK"
1734;"The Game Dealers Ltd"
1734;"Jeux Dargaud"
1739;"White Wolf Productions"
1748;"Dice Tower Games"
1754;"TGG Games"
1765;"UTSUROI"
1765;"Sorry We Are French"
1771;"Nomura Toy"
1782;"Victory Games I"
1783;"Asylum Games Board Games"
1783;"Mercury Games"
1796;"Parallel Games"
1815;"Quinn  Sherry"
1818;"Deluxe Games and Puzzles"
1839;"Digital Eel"
1839;"Superlude ditions"
1845;"Siroz Productions"
1858;"Perplext"
1861;"Hexasim"
1890;"Grandi Giochi"
1890;"Interplay Board Game Related"
1890;"Megableu"
1890;"UGames"
1895;"Skybound Tabletop"
1906;"Closet Nerd Games"
1906;"Redshift Games"
1908;"8th Summit"
1910;"Bloom Games Korean"
1913;"Deinko Games"
1913;"StuntKite Publishing"
1915;"RBG"
1915;"Stolitsa Design Group"
1916;"Ninth Haven Games"
1918;"Braincog"
1941;"Just Play Games"
1942;"Privateer Press"
1945;"Magilano"
1954;"Mighty Boards"
1954;"Cloud Island"
1954;"TIME2PLAY GAMES"
1968;"Final Frontier Games"
1970;"Devil Pig Games"
1970;"Play Well Games"
1974;"Gecko Games"
1981;"Battleline"
1988;"George  Company"
1988;"RS Marketing"
1990;"Colour of Strategy"
1990;"Lervik Spill og Leker"
1990;"Mind Games  II"
1990;"queckeverlag"
1990;"Tantrix Games Ibrica"
1990;"S L"
1990;"Tantrix Games Ltd"
