"index";"bg_designer"
0;"Matt Leacock"
1;"KlausJrgen Wrede"
2;"Klaus Teuber"
3;"Antoine Bauza"
4;"Donald X Vaccarino"
5;"Jacob Fryxelius"
6;"Alan R Moon"
7;"Vlaada Chvtil"
8;"Bruno Cathala"
9;"Michael Kiesling"
10;"Jamey Stegmaier"
11;"Marc Andr"
12;"Uwe Rosenberg"
13;"Andreas Seyfarth"
15;"Philippe Keyaerts"
16;"Elizabeth Hargrave"
17;"Richard Garfield"
18;"Seiji Kanai"
19;"Friedemann Friese"
20;"JeanLouis Roubira"
22;"Stefan Feld"
23;"Isaac Childres"
24;"Bruno Faidutti"
25;"Thomas Lehmann"
26;"Peter Lee"
26;"Rodney Thompson"
27;"Bernd Brunnhofer"
28;"Rob Daviau"
30;"Steve Jackson I"
31;"Ananda Gupta"
31;"Jason Matthews"
32;"Sbastien Pauchon"
33;"Jens Drgemller"
33;"Helge Ostertag"
35;"Jonathan Gilmour"
35;"Isaac Vega"
36;"Bruce Glassco"
36;"Bill McQuillan"
36;"Mike Selinker"
36;"Teeuwynn Woodruff"
38;"Reiner Knizia"
39;"Rikki Tahta"
40;"Phil WalkerHarding"
41;"Robert Dougherty"
41;"Darwin Kastle"
42;"Eric M Lang"
45;"Alan Stone"
46;"Joanna Kijanka"
46;"Ignacy Trzewiczek"
47;"Don Eskridge"
48;"Richard Launius"
48;"Kevin Wilson"
49;"Oleksandr Nevskiy"
49;"Oleg Sidorenko"
50;"R Eric Reuss"
51;"Cole Wehrle"
53;"Nate French"
53;"MJ Newman"
54;"James A Wilson"
55;"Wizard of Barge"
55;"David Iezzi"
56;"Alexander Pfister"
57;"Wolfgang Warsch"
58;"Paul Dennen"
59;"Simone Luciani"
59;"Daniele Tascini"
60;"Corey Konieczka"
61;"Mac Gerdts"
62;"Gord"
63;"Adrian Adamescu"
63;"Daryl Andrews"
64;"John Yianni"
65;"Nikki Valens"
66;"Albert Lamorisse"
66;"Michael I Levin"
67;"Srgio Halaban"
67;"Andr Zatz"
68;"Uncredited"
69;"Charles Darrow"
69;"Elizabeth J Magie Phillips"
72;"Christian T Petersen"
73;"Dirk Henn"
76;"Thomas Sing"
78;"Gavan Brown"
78;"Matt Tolman"
78;"Martin Wallace"
80;"Bill Eberle"
80;"Jack Kittredge"
80;"Bill Norton"
80;"Peter Olotka"
81;"Masao Suganuma"
82;"WeiHwa Huang"
83;"Alfred Mosher Butts"
85;"Frderic Moyersoen"
86;"Emiliano Sciarra"
88;"Lukas Litzsinger"
89;"Rdiger Dorn"
91;"Christophe Raimbault"
92;"William Attia"
93;"Richard Borg"
96;"Matthew Inman"
96;"Elan Lee"
96;"Shane Small"
97;"Touko Tahkokallio"
98;"Stefan Dorra"
100;"Serge Laget"
101;"Reiner Stockhausen"
102;"Peggy Chassenet"
102;"Manuel Rozoy"
103;"Tom McMurchie"
104;"Josh Dillon"
104;"Daniel Dranove"
104;"Eli Halpern"
104;"Ben Hantoot"
104;"David Munk"
104;"David Pinsof"
104;"Max Temkin"
104;"Eliot Weinstein"
105;"Elwen"
105;"Mn"
106;"Paul Peterson"
107;"Wolfgang Kramer"
107;"Richard Ulrich"
109;"Bernard Tavitian"
110;"Steffen Bogen"
112;"Merle Robbins"
113;"Benoit Turpin"
114;"Ted Alspach"
114;"Akihisa Okui"
115;"Daniel Clark I"
115;"Adam Sadler"
116;"Jason Little"
120;"Thorsten Gimmler"
124;"Julian CourtlandSmith"
125;"S J Macdonald"
125;"Shem Phillips"
126;"Andreas Pelikan"
128;"Rgis Bonnesse"
130;"Mike Boxleiter"
130;"Tommy Maranges"
134;"Kevin Lanzing"
135;"Justin Kemppainen"
135;"Jonathan Ying"
136;"Michael Palm"
136;"Lukas Zach"
137;"Emerson Matsuuchi"
139;"Inka Brand"
139;"Markus Brand"
143;"Devin Low"
144;"Adam Kwapiski"
145;"Sbastien Dujardin"
145;"Xavier Georges"
145;"Alain Orban"
146;"Sebastian Bleasdale"
146;"Richard Breese"
148;"Jordy Adan"
149;"Mat Kotry"
150;"Gnter Cornett"
150;"Alvydas Jakeliunas"
154;"Hjalmar Hach"
156;"Ludovic Roudy"
156;"Bruno Sautter"
157;"Alexandr Ushan"
159;"Ludovic Maublanc"
161;"Michael Schacht"
162;"Chad Jensen"
163;"Raymond Edwards"
163;"Suzanne Goldberg"
163;"Gary Grady"
164;"Tobey Ho"
166;"Sid Sackson"
167;"Karen Seyfarth"
169;"Andreas Steiger"
170;"Andrea Chiarvesio"
170;"Luca Iennaco"
172;"Anthony E Pratt"
174;"David Cicurel"
178;"Shimpei Sato"
179;"Scot Eaton"
183;"Kasper Lapp"
184;"Roberto Fraga"
184;"Yohan Lemonnier"
186;"Matthew Kirby"
186;"Mark Alan Osterhaus"
187;"Laurent Lavaur"
187;"Eric Randall"
188;"Herv Marly"
189;"Jerry Hawthorne"
190;"Scott Almes"
191;"Susan McKinley Ross"
192;"Malcolm Braff"
194;"Dane Beltrami"
195;"Juma AlJouJou"
196;"Jacques Bariot"
196;"Guillaume Montiage"
198;"Raphal Guiton"
198;"JeanBaptiste Lullien"
198;"Nicolas Raoult"
199;"Gatan Beaujannot"
199;"Alain Rivollet"
201;"Keith Matejka"
202;"Michael Menzel"
203;"Michael Boggs"
203;"Caleb Grace"
204;"Michael Rieneck"
204;"Stefan Stadler"
206;"Roberto Di Meglio"
206;"Marco Maggi"
206;"Francesco Nepitello"
207;"Andrew Looney"
207;"Kristin Looney"
208;"Jeroen Doumen"
208;"Joris Wiersinga"
209;"Dan Cassar"
213;"Henry Audubon"
215;"Carl Chudyk"
216;"Helmut Ohley"
216;"Leonhard Lonny Orgler"
217;"Steve Finn"
218;"Thomas DagenaisLesprance"
220;"Stefano Castelli"
220;"Andrea Crespi"
220;"Lorenzo Silva"
222;"Kristian Amundsen stby"
225;"Virginio Gigli"
227;"Christian Martinez"
228;"Chris Cantrell"
228;"Rick Ernst"
228;"Stone Librande"
228;"Prashant Saraswat"
228;"Nathan Tiras"
229;"Jenny Iglesias"
229;"Nick Little I"
229;"Kevin Riley"
231;"Denis Blanchot"
231;"Jacques Cottereau"
231;"Guillaume GilleNaves"
231;"Igor Polouchine"
232;"Manfred Burggraf"
232;"Dorothy Garrels"
232;"Wolf Hoermann"
232;"Fritz Ifland"
232;"Werner Scheerer"
232;"Werner Schlegel"
233;"ForrestPruzan Creative"
233;"Kami Mandell"
233;"Andrew Wolf"
235;"Christopher Badell"
235;"Paul Bender"
235;"Adam Rebottaro"
236;"Ole Steiness"
240;"Ephraim Hertzano"
242;"Johnny ONeal"
242;"Chris ONeal"
242;"Christopher ONeal"
245;"Prospero Hall"
248;"Justin De Witt"
249;"Dominic Crapuchettes"
249;"Dmitry Knorre"
249;"Sergey Machin"
252;"Asger Harding Granerud"
254;"Peter McPherson"
255;"Jacques Johan Mogendorff"
257;"Jens Christopher Ulrich"
258;"Gabriele Mari"
258;"Gianluca Santopietro"
259;"Frank West"
260;"Todd Breitenstein"
260;"Kerry Breitenstein"
261;"Dvid Turczi"
261;"Richard Amann"
261;"Viktor Peter"
262;"Tory Niemann"
263;"Keith Baker"
265;"Vladimr Such"
267;"Mathias Wigge"
268;"Ryan Laukat"
271;"Cdrick Chaboussit"
272;"Kota Nakayama"
273;"Chris Cieslik"
274;"John Goodenough"
274;"Robert Harris"
276;"Urs Hostettler"
279;"Brian Lewis"
280;"Micha Oracz"
284;"Jason C Hill"
285;"Molly Johnson"
285;"Robert Melvin"
285;"Shawn Stankewich"
286;"John D Clair"
288;"Fabien Riffaud"
288;"Juan Rodriguez"
289;"Ed Carter"
291;"Mike Elliott"
293;"Andreas Steding"
294;"Kasper Aagaard"
294;"Christian Marcussen"
295;"Paolo Mori"
297;"Edwin S Lowe"
298;"Leslie Scott"
302;"Randy Flynn"
303;"Jun Sasaki"
303;"Goro Sasaki"
306;"Frank Brooks"
306;"Stephen Hand"
308;"Hisanori Hiraoka"
308;"Masato Uesugi"
309;"Nathan I Hajek"
309;"Grace Holdinghaus"
314;"Allan B Calhamer"
315;"John Fiorillo"
315;"Justin Gary"
315;"Brian M Kibler"
316;"Charles Chevallier"
317;"Chris Dupuis"
318;"Wolfgang Panning"
318;"Marco Ruskowski"
318;"Marcel Selbeck"
320;"Chad Brown"
320;"Tanis OConnor"
320;"Gaby Weidling"
321;"Ben Cichoski"
321;"Daniel Mandel"
322;"Joshua Buergel"
323;"Thomas Vuarchex"
323;"Pierrick Yakovenko"
324;"Anthony J Gallela"
324;"Eric Goldberg"
324;"Kevin Maroney"
324;"Zev Shlasinger"
326;"Frdric Gurard"
327;"Franois Gandon"
328;"Stephen Baker"
330;"Vital Lacerda"
331;"Max J Kobbert"
336;"Kevin Russ"
338;"Reuben Klamer"
338;"Bill Markham"
339;"Flaminia Brasini"
340;"Marsha J Falco"
342;"Rustan Hkansson"
342;"Nina Hkansson"
342;"Einar Rosn"
342;"Robert Rosn"
344;"Glenn Drover"
346;"Brian Hersch"
347;"Tommaso Battista"
349;"Steffen Benndorf"
352;"Bruce Allen"
354;"Aaron Dill"
354;"John Kovaleski"
354;"Sean Sweigart"
359;"Justin D Jacobson"
362;"Jacques Zeimet"
363;"Jakub Winiewski"
364;"Colby Dauch"
365;"Philippe des Pallires"
366;"Larry Harris"
366;"Jr"
367;"Hal Duncan"
367;"Ruth Veevers"
370;"Christopher Chung"
378;"Hisashi Hayashi"
380;"Matthew OMalley"
380;"Ben Rosset"
383;"Rudolf Ross"
386;"Jean du Pol"
396;"Seth Jaffee"
399;"Rena Nathanson"
399;"Abe Nathanson"
401;"Michael Keller II"
401;"Andreas ode Odendahl"
404;"Tim Fowers"
405;"Katharine Chapman"
410;"Thiago Aranha"
410;"Guilherme Goulart"
410;"Fred Perret"
411;"Johannes Sich"
413;"Adam Kaua"
417;"Brian Gomez"
418;"Aaron Weissblum"
419;"Ken Fisher"
421;"Scott Frisco"
421;"Steven Strumpf"
422;"Karsten Hartwig"
430;"Clifford Von Wickler"
432;"Corentin Lebrat"
432;"Tho Rivire"
433;"Brandon Tibbetts"
434;"Peter Prinz"
435;"Krzysztof Piskorski"
435;"Marcin wierkot"
438;"Ghislain Masson"
440;"Dominique Ehrhard"
440;"Duccio Vitale"
441;"Jess Torres Castro"
442;"Shadi Torbey"
443;"Carl de Visser"
443;"Jarratt Gray"
444;"Sydney Engelstein"
449;"Matthew Dunstan"
449;"Brett J Gilbert"
452;"Chuck D Yager"
453;"Sir John Suckling"
456;"Whit Alexander"
456;"Richard Tait"
457;"Przemysaw Rymer"
457;"Jakub apot"
459;"Matthias Cramer"
460;"Josh J Carlson"
460;"Adam Carlson"
462;"Herv Lematre"
463;"Christian Leonhard"
465;"Masaru Aoki"
465;"Carol Wiseley"
466;"Rob Heinsoo"
466;"Mike Mearls"
466;"Bill Slavicsek"
469;"Ken Johnson"
470;"Edgar Cayce"
470;"Harry Gavitt"
470;"George S Parker"
471;"Doug Reuter"
473;"Cody Miller"
474;"Tony Fanchi"
475;"Markus Lbke"
476;"Satoshi Nakamura"
477;"Charlie Catino"
477;"Steven Kimball"
481;"Grzegorz Rejchtman"
483;"Adam Poots"
484;"Alex Randolph"
485;"Richard Lambert"
485;"Andrew Rilstone"
485;"James Wallis"
489;"Jean Yves Monpertuis"
492;"Yasutaka Ikeda"
493;"Samuel Bailey"
493;"James Kniffen"
495;"Thomas Liesching"
497;"Stefan Malz"
497;"Louis Malz"
499;"MarcelAndr Casasola Merkle"
501;"Connor Reid"
502;"Kris Burm"
505;"Alex Hague"
505;"Justin Vickers"
506;"Dennis K Chan"
510;"Brent Povis"
512;"Paul Randles"
512;"Daniel Stahl"
518;"Craig Van Ness"
520;"Chris Darden"
521;"Kane Klenko"
525;"FranzBenno Delonge"
528;"Jef Gontier"
529;"Darrell Hardy"
534;"Ned Strongin"
534;"Howard Wexler"
535;"John Bohrer"
538;"Frdric Henry"
539;"Klaus Miltenberger"
540;"Edmond Dujardin"
541;"Christophe Boelinger"
542;"Cliff Bohm"
542;"Geoff Bottone"
542;"Colleen Skadl"
543;"Scott Abbott"
543;"Chris Haney"
544;"Trevor Benjamin"
544;"David Thompson I"
546;"Nicolas Robert"
547;"Steven Aramini"
547;"Danny Devine"
547;"Paul Kluka"
548;"John W Mollett"
548;"Lewis Waterman"
550;"Leo Colovini"
553;"Bryan Pope"
553;"Benjamin Pope"
554;"Mikkel Bertelsen"
556;"Bill Cooke"
556;"Alan Turoff"
557;"Andreas Schmidt"
559;"Rob Angel"
566;"Francis Tresham"
570;"Mirko Marchesi"
573;"Kristian urla"
577;"Wolfgang Sentker"
577;"Ralf zur Linde"
579;"Hazel Skip Bowman"
580;"James Ernest"
582;"Eric Zimmerman"
586;"Tom Uhl"
588;"Vangelis Bagiartakis"
590;"Michel Lalet"
590;"Laurent Levi"
594;"Richard Halliwell"
595;"Matt Hyra"
595;"Ben Stoll"
597;"Luca Ricci"
599;"Croc"
600;"Mordecai Meirowitz"
603;"Naoki Homma"
606;"Blaise Muller"
609;"Andrew Veen"
611;"Peter Wichmann"
615;"Jacob Jaskov"
618;"Andrew Fischer"
619;"Peter Rustemeyer"
621;"Grant Rodiek"
623;"Yves Tourigny"
624;"Nicolas Normandon"
625;"William Julius Champion Jr"
627;"Klemens Kalicki"
629;"Jay Cormier"
629;"SenFoong Lim"
630;"Micha Walczak"
633;"Patrick Leder"
633;"David Somerville"
639;"Paul T Haskell"
639;"William Henry Storey"
641;"Andy Clautice"
642;"Orin Bishop"
643;"Dave Chalker"
646;"Franois Rouz"
647;"Brett Sobol"
647;"Seth Van Orden"
649;"Maxime Rambourg"
650;"Aureliano Buonfino"
650;"Lorenzo Tucci Sorrentino"
652;"Jeff Chin"
652;"Andrew Nerger"
654;"Gordon Lamont"
654;"Fraser Lamont"
655;"Ramy Badie"
658;"Brent Beck"
658;"Jeffrey Beck"
659;"Henry Stern"
661;"Filip Miuski"
663;"Isra C"
663;"Shei S"
665;"Jordan Weisman"
666;"Filip Neduk"
670;"Eilif Svensson"
671;"Ryan Lopez DeVinaspre"
672;"Marc Paquien"
675;"Kai Starck"
677;"Laurent Escoffier"
677;"David Franck"
678;"Peer Sylvester"
681;"Cory Jones"
683;"Robert A Kouba"
685;"Ron Gonzalo Garca"
691;"Satish Pillalamarri"
692;"Gil Hova"
695;"Jonathan Fryxelius"
698;"Chnier La Salle"
703;"Justin Blaske"
705;"Adam P McIver"
707;"Stephen Glenn"
715;"se Berg"
715;"Henrik Berg"
716;"Laura Robinson"
716;"Paul Toyne"
717;"Leif Steiestol"
721;"Haakon Gaarder"
724;"David Moffat"
728;"Tim Uren"
730;"Ian Vincent"
732;"Jeffrey Neil Bellinger"
734;"Nestore Mangone"
735;"Ivan Lashin"
737;"Clay Blankenship"
737;"Blaise Hanczar"
737;"Michael Haverty"
737;"Jrg Krismann"
737;"Jason Oman"
739;"Marc Neidlinger"
740;"Alice Carroll"
740;"Thomas Caut"
740;"Cyril Demaegd"
748;"Franois Valentyne"
751;"Ben Grossman"
751;"Steve Marsh I"
751;"Steven Marsh II"
751;"Vincent Tsao"
751;"Nikola Vrtis"
754;"Corn van Moorsel"
756;"KarlHeinz Schmiel"
757;"Tom Jolly"
757;"Luke Laurie"
758;"Dirk Baumann"
760;"Daniel Solis"
762;"Jervis Johnson"
764;"Peter Sarrett"
769;"Theo Coster"
769;"Ora Coster"
769;"Theora Design"
772;"Philip duBarry"
774;"Benjamin Schwer"
776;"Yuri Zhuravljov"
783;"Yoann Levet"
784;"JR Honeycutt"
784;"Chuck Kennedy"
784;"Bruce Lund"
787;"Acchittocca"
787;"Stefano Luperto"
787;"Antonio Tinto"
789;"Tim Eisner"
794;"Mike Fitzgerald"
795;"Brady Sadler"
796;"J H G Hendriks"
799;"Gerd Fenchel"
804;"A J Porfirio"
806;"Etienne Espreman"
807;"Ed Marriott"
808;"Alexander Schmidt II"
811;"John Zinser"
814;"Matt Calkins"
815;"Sandy Petersen"
815;"Lincoln Petersen"
816;"Cdric Millet"
817;"Jrme Ropert"
822;"Michael Gray"
825;""
826;"Alexandar Ortloff"
828;"Claudia Hely"
828;"Roman Pelek"
830;"Stan Kordonskiy"
830;"Mike Nudd"
840;"Ben Pinchback"
840;"Matt Riddle"
841;"Micha Gobiowski"
844;"Isaias Vallejo"
845;"Curt Covert"
851;"Nick Bentley"
851;"Ben Goldman"
851;"Brian ONeill"
852;"Mark Simonitch"
853;"Peter Hawes"
854;"Josh Wood"
856;"Chris Darsaklis"
857;"Hoby Chou"
857;"Vienna Chou"
860;"Nate Chatellier"
860;"Manny Trembley"
862;"Stefan Alexander"
863;"Ted Raicer"
869;"Josh Cappel"
869;"Adam Gertzbein"
870;"Tony Boydell"
871;"Alan Gerding"
871;"Sean McCoy"
873;"Jon Mietling"
875;"Kalle Malmioja"
876;"Adrian Abela"
876;"David Chircop"
879;"Guillaume Blossier"
882;"Sami Laakso"
886;"Edward Bolme"
886;"Mark Wootton"
887;"Pierluca Zizzi"
888;"Andrea Angiolino"
888;"Pier Giorgio Paglia"
891;"Eduardo Baraf"
893;"Volko Ruhnke"
896;"Ken Gruhl"
896;"Quentin Weir"
897;"Doris Matthus"
897;"Frank Nestel"
900;"JeanRen Vernes"
900;"Barry Yearsley"
901;"Nuno Bizarro Sentieiro"
901;"Paulo Soledade"
904;"Tom Cleaver"
909;"Domingo Cabrero"
909;"Carlos Lpez"
909;"Santi Santisteban"
911;"Paul Grogan"
911;"Phil Pettifer"
912;"Thomas Ewert"
917;"Wolfgang Riedesser"
919;"Holger Bsch"
920;"David Parlett"
922;"Francesco Rotta"
923;"Dimitry Davidoff"
923;"Andrew Plotkin"
924;"Jason Harner"
924;"Matthew Ransom"
925;"D Brad Talton"
926;"Gary Dicken"
926;"Steve Kendall"
926;"Phil Kendall"
927;"Jon Darbro"
929;"Wolfgang Ldtke"
930;"Chris Taylor I"
935;"Urtis ulinskas"
936;"Jo Hartwig"
938;"Chuck Foley"
938;"Reyn Guyer"
938;"Neil W Rabens"
939;"Dan Hallagan"
942;"Eleanor Abbott"
948;"Mario Porpora"
948;"Pietro Righi Riva"
948;"Luca Francesco Rossi"
948;"Nicol Tedeschi"
950;"Michal Mike"
950;"Jan Soukal"
950;"Adam Spanel"
952;"Greg Daigle"
957;"Simone Romano"
957;"Nunzio Surace"
961;"Pascal Bernard"
961;"Laurent Pouchain"
965;"Jon Perry"
966;"BakaFire"
973;"Piotr Haraszczak"
979;"Joel Finch"
980;"Carey Grayson"
980;"Randy Nash"
980;"Rick Soued"
982;"Joseph Z Chen"
982;"Justin Faulkner"
984;"Michiel Justin Elliott Hendriks"
985;"Mr Bistro"
985;"J Arthur Ellis"
986;"Brian Mayer"
988;"Robert Vaughn"
990;"Daniel Skjold Pedersen"
991;"Sean Ross I"
993;"Lewis Pulsipher"
994;"Bill Payne"
995;"Grgory Oliver"
996;"Ivan Tuzovsky"
1000;"Andrew Parks"
1003;"Herv Rigal"
1005;"Walter Schneider"
1007;"Ryan Courtney"
1008;"Noah Cohen"
1008;"Ryan Miller"
1008;"Brian Neff"
1009;"David B Bromley"
1016;"Sbastien Gigaudaut"
1016;"David Rakoto"
1017;"David R Megarry"
1018;"Richard Berthold"
1018;"Don Greenwood"
1018;"Robert Haines"
1021;"Hope S Hwang"
1023;"Beau Beckett"
1023;"Jeph Stahl"
1025;"Aviva Schecterson"
1025;"Liz Spain"
1025;"Elisa Teague"
1026;"Marvin Glass"
1026;"John Spinello"
1027;"James DAloisio"
1027;"Austin Rucker"
1028;"Chad DeShon"
1030;"Tom Dalgliesh"
1030;"Jerry Taylor"
1031;"Chris Leder"
1031;"Kevin Rodgers"
1033;"Werner Hodel"
1040;"Jeremy Holcomb"
1040;"Stephen McLaughlin"
1043;"Tim Pinder"
1044;"Rdiger Koltze"
1045;"Klaus Zoch"
1048;"Loc Lamy"
1050;"Takumi Akabane"
1050;"Tsunekaz Ishihara"
1052;"Michael Michaels"
1053;"Gary Kim"
1055;"Jason B McAllister"
1055;"David A Trampier"
1058;"Hagen Dorgathen"
1059;"Stefan Kgl"
1060;"Derek Carver"
1060;"Pierre Clquin"
1069;"Nicolas Oury"
1073;"David Gregg"
1076;"Cdric Lefebvre"
1076;"Fabrice Rabellino"
1078;"Darren Kisgen"
1079;"Tim Puls"
1081;"ChihFan Chen"
1083;"David Carl"
1083;"Alex Hall"
1083;"Mat Hart"
1083;"Richard Loxam"
1088;"Doug Eckhart"
1089;"Bryan Reese"
1090;"Miranda Evarts"
1091;"Andrew Innes"
1097;"Gil dOrey"
1099;"Alex Rockwell"
1100;"Nicolas Poncin"
1114;"Marco Teubner"
1115;"Richard Hamblen"
1119;"Martin Nedergaard Andersen"
1121;"Ed Beach"
1124;"Stefan Klo"
1126;"Ondra Skoup"
1137;"Trey Chambers"
1138;"Frank Kohner"
1138;"Paul Kohner"
1138;"Fred Kroll"
1139;"Thomas Vande Ginste"
1139;"Wolf Plancke"
1142;"Emely Brand"
1142;"Lukas Brand"
1145;"Daniel Piechnick"
1149;"Murat Clbi"
1149;"Nicolas Degouy"
1149;"TOT"
1150;"Keren Philosophales"
1150;"Michael Shinall"
1151;"J Alex Kevern"
1153;"Bobby Hill"
1158;"Justin Oh"
1160;"Christoph Toussaint"
1163;"Jim Lin"
1163;"Gregory Marques"
1163;"Sean McCarthy"
1163;"Jay Schneider"
1163;"Rob Watkins Board Game I"
1170;"Annick Lobet"
1171;"Rory OConnor"
1173;"Emmanuel Aquin"
1179;"Gary Arant"
1180;"Ronald Wettering"
1181;"Corey Young"
1183;"Shingo Fujita"
1183;"Shotaro Nakashima"
1183;"Motoyuki Ohki"
1183;"Hiromi Oikawa"
1184;"Nigel Buckle"
1187;"Jim Krohn"
1191;"Brian Yu"
1194;"TauCeti Deichmann"
1195;"Karol Madaj"
1196;"Forest Brown"
1196;"L R Butch Leeper"
1205;"Julien Vergonjeanne"
1208;"Jeffrey D Allers"
1211;"Robert P Moore"
1214;"Denys Fisher"
1224;"Michael Adams"
1225;"Matt Eklund"
1225;"Phil Eklund"
1225;"Jim Gutt"
1230;"Jeff Horger"
1230;"Carla Horger"
1232;"Akihiro Itoh"
1232;"Kwaji"
1232;"Daichi Okano"
1232;"Kito Shinma"
1237;"Susumu Kawasaki"
1239;"Tomas Flodn"
1241;"Gavin Birnbaum"
1243;"Laurent Verrier"
1246;"Francesco Testini"
1247;"Shanon Lyon"
1247;"Marisa Pena"
1247;"Colt TiptonJohnson"
1253;"Graeme Jahns"
1256;"Geoff Engelstein"
1256;"Brian Engelstein"
1257;"John Hill I"
1260;"Mark K Swanson"
1263;"Scott Caputo"
1264;"Klaus Palesch"
1267;"Evan Derrick"
1268;"Lauren Banerd"
1268;"Jim Eliason"
1268;"Jeff Groteboer"
1268;"Bruce Harper"
1268;"Eric Hunter"
1268;"Steven Padgett"
1268;"Gary Rapanos"
1268;"Michael Roos"
1268;"Jennifer Schlickbernd"
1268;"Jeff Suchard"
1271;"Emma Larkins"
1272;"Jakob Bonds"
1273;"Ian Estrin"
1273;"Jeff Liu"
1273;"Ryan OConnor"
1276;"Monty Stambler"
1276;"Ann Stambler"
1281;"Bryan Kinsella"
1281;"Ethan Pasternack"
1283;"Paul Salomon"
1287;"Robert K Gabhart"
1290;"Don Beyer"
1290;"Ray Eifler"
1290;"Steve Gross"
1292;"Bob Brechin"
1292;"Brian Degas"
1292;"Major PR Reid MBE"
1292;"MC"
1293;"Tony Go"
1308;"David Short"
1309;"Jose Antonio Abascal Acebo"
1310;"William Grosselin"
1310;"Didier Poli"
1311;"Jason Walden"
1319;"Martino Chiacchiera"
1321;"Arnaud Ladagnous"
1321;"Fabrice Mazza"
1321;"Billy Stevenson"
1322;"Galen Ciscell"
1322;"Brent Dickman"
1335;"Ethan Fleischer"
1339;"Richard Sivl"
1341;"Werner Ernst George Muller"
1344;"Brian Henk"
1344;"Clayton Skancke"
1346;"Gnter Burkhardt"
1353;"Ian Moss"
1354;"Elliot Rudell"
1359;"Reinhard Staupe"
1361;"Marco Canetta"
1361;"Stefania Niccolini"
1362;"Bernhard Lach"
1362;"Uwe Rapp"
1364;"Brad Andres"
1366;"Shun Taguchi"
1366;"Aya Taguchi"
1367;"Holger Lanz"
1369;"Molly Glover"
1372;"JeanChristophe Bouvier"
1373;"Uwe Eickert"
1376;"Dave Kimmel"
1377;"Alex Davy"
1378;"Bernd Eisenstein"
1384;"Jeff Siadek"
1385;"Stefan Risthaus"
1388;"Kory Heath"
1392;"Harold Vanderbilt"
1393;"David Ausloos"
1396;"Jeff Ochs"
1401;"Rick Holzgrafe"
1403;"Jeff Beck II"
1405;"Andrew McNeil"
1406;"James Vaughan"
1407;"Peter Burley"
1408;"Travis Hancock"
1412;"Gordon A Barlow"
1412;"Harvey Hank Kramer"
1412;"Burt Meyer"
1414;"Darwin Bromley"
1414;"Bill Fawcett"
1415;"Oliver Richtberg"
1416;"Ryan Amos"
1416;"Marc Kelsey"
1416;"Aron West"
1418;"David Sirlin"
1422;"Dieter Nle"
1424;"Fabrizio Bonifacio"
1424;"Riccardo Crosa"
1424;"Massimiliano Enrico"
1424;"Chiara Ferlito"
1426;"Tom Braunlich"
1426;"Gary Gabrel"
1428;"Jesper Blow"
1430;"Ralf Burkert"
1433;"Franois Romain"
1438;"Benoit Vogt"
1440;"Federico Pierlorenzi"
1441;"Rudi Hoffmann"
1443;"Antonio Sousa Lara"
1444;"Antler Productions"
1444;"Jay Moriarty"
1446;"Douglas Malewicki"
1451;"Jeff Grossman"
1452;"Joe Price"
1452;"JT Smith"
1453;"Alex Crispin"
1453;"Thomas Pike"
1453;"James Shelton"
1454;"Vincent Goyat"
1460;"Kara CentellDunk"
1464;"Adrien Hesling"
1464;"Axel Hesling"
1470;"Mathieu Casnin"
1470;"Dave Neale"
1471;"Kevin Bishop"
1475;"HeinzGeorg Thiemann"
1476;"Michael Mulvihill"
1477;"LAtelier"
1478;"Tim Flanders"
1478;"Annie VanderMeer Mitsoda"
1478;"Greg Spyridis"
1479;"Paul J Gruen"
1482;"Carsten Lauber"
1483;"Jrgen P Grunau"
1483;"Hans Raggan"
1485;"Jordan Goddard"
1485;"Mandy Goddard"
1491;"Haim Shafir"
1492;"Gyri Zoltn Gbor"
1493;"Fabio Lopiano"
1504;"Grace Parker"
1506;"Robb Earnest"
1506;"Jeremy Fifer"
1506;"Matthew Rivaldi"
1509;"Dan Glimne"
1511;"Brad Brooks"
1515;"Emanuele Ornella"
1516;"David Sanders"
1518;"Amabel Holland"
1521;"Michel Matschoss"
1524;"Luke Hooper"
1524;"Michael Larson"
1524;"Del Segura"
1531;"Mark Herman"
1535;"Darrell Louder"
1536;"Brent Keith"
1543;"Dan Schnake"
1543;"Adam West"
1548;"Daniel Alves"
1548;"Patrick Matheus"
1548;"Eurico Cunha Neto"
1549;"Alain Epron"
1551;"Joseph Fatula"
1553;"Jeremy Stoltzfus"
1555;"Thomas Denmark"
1557;"Mike Gnade"
1557;"Todd Walsh"
1560;"Michael Hurley"
1567;"Masatoshi Todokoro"
1569;"Hayato Kisaragi"
1580;"Gernot Kpke"
1582;"Chris Birkenhagen"
1582;"John Cadice"
1582;"Deke Stella"
1583;"Jesse Li"
1587;"Tom Wham"
1591;"Claudia Partenheimer"
1591;"Ralf Partenheimer"
1592;"John Nephew"
1592;"Charlie Wiedman"
1594;"Rita Modl"
1595;"Kim Sat"
1597;"Wojciech Grajkowski"
1598;"Allan Cowan"
1599;"Ian Brody"
1600;"Nick Kellet"
1602;"Viola Kijowska"
1602;"Marcin Senior Ropka"
1604;"Saashi"
1606;"Dominique Bodin"
1619;"Erik Dahlman I"
1619;"Tyler Parrott"
1622;"Thomas Odenhoven"
1638;"James Hata"
1640;"Ken Dunn"
1643;"Charlie Potter"
1644;"Mark Major"
1647;"James M Hewitt"
1647;"Andy Hoare"
1648;"Jordan Comar"
1648;"Roscoe Wetlaufer"
1650;"Jason Kotarski"
1653;"Dave Campbell II"
1654;"Alain Ollier"
1658;"Diego Ibez"
1660;"Fabrice Besson"
1661;"Jack Dire"
1662;"Jack Degnan"
1663;"Patrick Rothfuss"
1664;"Andy Jones"
1668;"Monte Cook"
1668;"Jeff Grubb"
1668;"Seth Johnson"
1668;"Jon Leitheusser"
1668;"Jeff Quick"
1673;"Josh Wielgus"
1674;"Marco Montanaro"
1675;"Evan Singh"
1681;"Jake Staines"
1682;"Salvatore Pierucci"
1690;"JB Howell"
1695;"Mark Tuck"
1696;"Craig Clark Williamson"
1703;"Silvano Sorrentino"
1709;"Zachary Eagle"
1715;"Jakub Caban"
1715;"Matt Dembek"
1715;"Bartosz Idzikowski"
1716;"Brian S Spence"
1717;"James Cooke Brown"
1718;"Artem Safarov"
1722;"Dan Blanchett"
1723;"Kenneth Minde"
1727;"JensPeter Schliemann"
1727;"Bernhard Weber"
1728;"Jerry Darcy"
1728;"Chuck Kallenbach"
1728;"Roland L Tesh"
1729;"Bryan Ansell"
1729;"Rick Priestley"
1734;"Lee Yih"
1738;"Mattox Shuler"
1739;"Robert Goudie"
1739;"L Scott Johnson"
1742;"Andy Chambers"
1742;"Gavin Thorpe"
1745;"Jan Bezina"
1745;"Martin Hrablek"
1745;"Michal Porek"
1747;"Marco Pranzo"
1748;"Stephen Avery"
1748;"Tom Vasel"
1749;"Ira Fay"
1751;"Chris Nelson"
1753;"Randall N Bills"
1753;"Dylan Birtolo"
1753;"Loren Coleman"
1753;"Talon Coleman"
1754;"John Kean"
1755;"Foxtrot Games"
1763;"Thomas Rauscher"
1765;"Koota Yamada"
1770;"Al Newman"
1780;"J C Connors I"
1780;"Ben Knight"
1781;"Rob Bontenbal"
1782;"John H Butterfield"
1782;"Eric Lee Smith"
1783;"Fran Diaz"
1787;"Lewis Cheshire"
1787;"Arch Stanton"
1788;"Luigi Ferrini"
1791;"WeiMin Ling"
1792;"Germn P Milln"
1794;"Din Li Tsan"
1796;"Raymond Chandler III"
1799;"Dave Williams II"
1807;"Paul Laane"
1813;"Mike Mullins"
1815;"Tom Quinn"
1815;"Ted Quinn"
1815;"Mark Sherry"
1816;"Bauldric  Friends"
1817;"Eric Dubus"
1817;"Olivier Melison"
1818;"Roy Parsons"
1818;"Katie Parsons"
1822;"Tim Armstrong II"
1834;"Courtney F Allen"
1836;"Stephanie Straw"
1839;"Heinrich Glumpler"
1840;"Claude Lucchini"
1845;"Chad Irby"
1846;"David McGregor"
1846;"Marissa Misura"
1852;"Michael Marra"
1852;"David Wyman"
1854;"Istvn Pcsi"
1854;"Frigyes Schberl"
1855;"Alan Roach"
1856;"Patrick Otley"
1858;"Chris Handy I"
1861;"Ted Torgerson"
1872;"Jared Scarborough"
1873;"Ulric Maes"
1882;"Ralph Querfurth"
1883;"Thomas Dupont"
1889;"Hermann Luttmann"
1890;"Michael Sistrunk"
1891;"Keith Meyers"
1895;"Ben Eisner"
1896;"Philippe Mouchebeuf"
1898;"Laurence Gamelin"
1898;"Philippe Gamelin"
1906;"Brent Knudson"
1906;"Brian Knudson"
1908;"Hal Eccles"
1908;"Will Kenyon"
1908;"Jason Maxwell"
1913;"YeonMin Jung"
1913;"JunHyup Kim"
1916;"Richard Keene"
1918;"William Jacobson"
1918;"Amanda Kohout"
1919;"Guillaume Lmery"
1919;"Nicolas Schlewitz"
1921;"Gerhard Hecht"
1925;"Tim BurrellSaward"
1928;"Nick Hayes"
1941;"Masayuki Kudou"
1942;"Will Schoonover"
1944;"Aske Christiansen"
1945;"Alexander Bernhardt"
1946;"Ismal Perrin"
1951;"Sean MacDonald"
1952;"Robin Lees"
1952;"Steve Mackenzie"
1964;"Lutz Stepponat"
1968;"Jonny Pac"
1968;"Carl Van Ostrand"
1968;"Drake Villareal"
1970;"Yann and Clem"
1973;"Oliver Sibthorpe"
1973;"Gary Sibthorpe"
1974;"Ralf Lehmkuhl"
1979;"Jordan Sorenson"
1980;"Robert Abbott"
1981;"S Craig Taylor"
1982;"Craig Besinque"
1983;"Ulrich Blum"
1985;"Ian Cooper I"
1987;"Alexis Allard"
1990;"Mike McManaway"
1992;"Julin Pombo"
1997;"Carlo Bortolini"
