id,name,nrate,pic_url
13,CATAN,120892,https://cf.geekdo-images.com/W3Bsga_uLP9kO91gZ7H8yw__micro/img/LA4OvGfQ_TXQ-2mhaIFZp2ITWpc=/fit-in/64x64/filters:strip_icc()/pic2419375.jpg
822,Carcassonne,120826,https://cf.geekdo-images.com/okM0dq_bEXnbyQTOvHfwRA__micro/img/VfLoKzfk3xj26ArmDu55qZ4sysw=/fit-in/64x64/filters:strip_icc()/pic6544250.png
30549,Pandemic,120176,https://cf.geekdo-images.com/S3ybV1LAp-8SnHIXLLjVqA__micro/img/S4tXI3Yo7BtqmBoKINLLVUFsaJ0=/fit-in/64x64/filters:strip_icc()/pic1534148.jpg
68448,7 Wonders,99957,https://cf.geekdo-images.com/35h9Za_JvMMMtx_92kT0Jg__micro/img/4BRnGQ-EoU-2LNirfZpUC3HRReU=/fit-in/64x64/filters:strip_icc()/pic7149798.jpg
167791,Terraforming Mars,91263,https://cf.geekdo-images.com/wg9oOLcsKvDesSUdZQ4rxw__micro/img/LUkXZhd1TO80eCiXMD3-KfnzA6k=/fit-in/64x64/filters:strip_icc()/pic3536616.jpg
36218,Dominion,87939,https://cf.geekdo-images.com/j6iQpZ4XkemZP07HNCODBA__micro/img/PVxqHWOLTb3n-4xe62LJadr_M0I=/fit-in/64x64/filters:strip_icc()/pic394356.jpg
173346,7 Wonders Duel,86377,https://cf.geekdo-images.com/zdagMskTF7wJBPjX74XsRw__micro/img/nXtpcw3tYaelntFHb1aH4YrN7Wk=/fit-in/64x64/filters:strip_icc()/pic2576399.jpg
178900,Codenames,86050,https://cf.geekdo-images.com/F_KDEu0GjdClml8N7c8Imw__micro/img/w38Q9MZMQK80Att5GcODbCGufDk=/fit-in/64x64/filters:strip_icc()/pic2582929.jpg
9209,Ticket to Ride,85277,https://cf.geekdo-images.com/ZWJg0dCdrWHxVnc0eFXK8w__micro/img/79tvkijvf1wFKrKz-FWt77XdIbw=/fit-in/64x64/filters:strip_icc()/pic38668.jpg
266192,Wingspan,81568,https://cf.geekdo-images.com/yLZJCVLlIx4c7eJEWUNJ7w__micro/img/5ZaRePVhfelfofF7T_OC1e0gUCw=/fit-in/64x64/filters:strip_icc()/pic4458123.jpg
230802,Azul,81238,https://cf.geekdo-images.com/aPSHJO0d0XOpQR5X-wJonw__micro/img/3M2bj5ZXqAskTOvLTXRuHOH-Y44=/fit-in/64x64/filters:strip_icc()/pic6973671.png
169786,Scythe,77731,https://cf.geekdo-images.com/7k_nOxpO9OGIjhLq2BUZdA__micro/img/ETplc22GdhlN5u0mppcDxSP8LVk=/fit-in/64x64/filters:strip_icc()/pic3163924.jpg
148228,Splendor,75440,https://cf.geekdo-images.com/rwOMxx4q5yuElIvo-1-OFw__micro/img/VaWkmRffgWdhbynm-GUM4anrlic=/fit-in/64x64/filters:strip_icc()/pic1904079.jpg
14996,Ticket to Ride: Europe,71836,https://cf.geekdo-images.com/0K1AOciqlMVUWFPLTJSiww__micro/img/fNo9_FY6sdu7szEouS2v9IVjHfI=/fit-in/64x64/filters:strip_icc()/pic66668.jpg
31260,Agricola,70737,https://cf.geekdo-images.com/dDDo2Hexl80ucK1IlqTk-g__micro/img/SZgGqufNqaW8BCFT29wkYPaRXOE=/fit-in/64x64/filters:strip_icc()/pic831744.jpg
3076,Puerto Rico,69350,https://cf.geekdo-images.com/QFiIRd2kimaMqTyWsX0aUg__micro/img/ggNIAA1GEadqvcY7Mvwb9_VEybU=/fit-in/64x64/filters:strip_icc()/pic158548.jpg
40692,Small World,69286,https://cf.geekdo-images.com/aoPM07XzoceB-RydLh08zA__micro/img/COJIGGzrRYkdzevvZ7TMmy2UV78=/fit-in/64x64/filters:strip_icc()/pic428828.jpg
70323,King of Tokyo,67747,https://cf.geekdo-images.com/m_RzXpHURC0_xLkvRSR_sw__micro/img/os4ChJCgP0VGLN9WU1Ea6c4z6CE=/fit-in/64x64/filters:strip_icc()/pic3043734.jpg
129622,Love Letter,65133,https://cf.geekdo-images.com/T1ltXwapFUtghS9A7_tf4g__micro/img/Qiu0VH-5VxmCUkISsvN5-dRlrKw=/fit-in/64x64/filters:strip_icc()/pic1401448.jpg
2651,Power Grid,63315,https://cf.geekdo-images.com/yd6LuatytHRhcFCxCf-EEg__micro/img/ZUrGKfXAZS4AztFRXq2W9oD6TG4=/fit-in/64x64/filters:strip_icc()/pic4459753.jpg
163412,Patchwork,61495,https://cf.geekdo-images.com/wLW7pFn0--20lEizEz5p3A__micro/img/HGRTd0C4poFciUwMZzBt6On1R3Y=/fit-in/64x64/filters:strip_icc()/pic2270442.jpg
39856,Dixit,61381,https://cf.geekdo-images.com/J0PlHArkZDJ57H-brXW2Fw__micro/img/g5nQXzhBCF7GkgqstNrD1Yp40-E=/fit-in/64x64/filters:strip_icc()/pic6738336.jpg
174430,Gloomhaven,59002,https://cf.geekdo-images.com/sZYp_3BTDGjh2unaZfZmuA__micro/img/sQyh47ClBO3d5sxPm73hMvM-JV4=/fit-in/64x64/filters:strip_icc()/pic2437871.jpg
84876,The Castles of Burgundy,58411,https://cf.geekdo-images.com/5CFwjd8zTcGYVUnkXh04hw__micro/img/N1VrEUaW6bmwnqbZfi2nRScwGxM=/fit-in/64x64/filters:strip_icc()/pic1176894.jpg
28143,Race for the Galaxy,53519,https://cf.geekdo-images.com/-DOqixs8uwKUvvWPKI4f9w__micro/img/Fz_qRw_ZHI9TfZXY0b4YZ6zfT7o=/fit-in/64x64/filters:strip_icc()/pic5261714.jpg
110327,Lords of Waterdeep,53478,https://cf.geekdo-images.com/-hk8f8iGk_DyWyMrfiPBkg__micro/img/tWSg9ErrwvVcwaE1Kze1IsxwpGg=/fit-in/64x64/filters:strip_icc()/pic1116080.jpg
478,Citadels,53262,https://cf.geekdo-images.com/42iW4E-vOumFXRQAiSf-GA__micro/img/nUakVroTbUtDZX2uMWTz87rNQ68=/fit-in/64x64/filters:strip_icc()/pic3239104.jpg
34635,Stone Age,51096,https://cf.geekdo-images.com/elmZegVZ6gp4_5izUgxGQQ__micro/img/GBNMM8kmp6Dlnel0EG4HN7lDTwo=/fit-in/64x64/filters:strip_icc()/pic1632539.jpg
161936,Pandemic Legacy: Season 1,51038,https://cf.geekdo-images.com/-Qer2BBPG7qGGDu6KcVDIw__micro/img/n6-sXYD6XXZoqIxq4P6AG7VPCuA=/fit-in/64x64/filters:strip_icc()/pic2452831.png
65244,Forbidden Island,48869,https://cf.geekdo-images.com/JgAkEBUaiHOsOS94iRMs2w__micro/img/hUGdb5rZboKkpZDJpaYDV9v11w8=/fit-in/64x64/filters:strip_icc()/pic646458.jpg
54043,Jaipur,48236,https://cf.geekdo-images.com/_LTujSe_o16nvjDC-J0seA__micro/img/TzQQUqVL-EmizAadFNg9B_cgu-Y=/fit-in/64x64/filters:strip_icc()/pic5100947.jpg
1927,Munchkin,47754,https://cf.geekdo-images.com/J-ts3MW0UhDzs621TR6cog__micro/img/eO0VqnPlr5OJmTMbIOl4QmxheRo=/fit-in/64x64/filters:strip_icc()/pic1871016.jpg
12333,Twilight Struggle,46958,https://cf.geekdo-images.com/pNCiUUphnoeWOYfsWq0kng__micro/img/ZlfJiIATIt5MY7xWSMzFmdygaa0=/fit-in/64x64/filters:strip_icc()/pic3530661.jpg
199792,Everdell,46800,https://cf.geekdo-images.com/fjE7V5LNq31yVEW_yuqI-Q__micro/img/TAgkPCJdNAIHZfn1BE1DXadBL9g=/fit-in/64x64/filters:strip_icc()/pic3918905.png
98778,Hanabi,46229,https://cf.geekdo-images.com/JDVksMwfcqoem1k_xtZrOA__micro/img/BfKY9rPYUCM74XL8113xBQyGEIk=/fit-in/64x64/filters:strip_icc()/pic2007286.jpg
120677,Terra Mystica,46178,https://cf.geekdo-images.com/bre12I1YiXkZr7elvriz4A__micro/img/SAwaBrDhHbGuq6dFY-ok95qFMcU=/fit-in/64x64/filters:strip_icc()/pic5375624.jpg
162886,Spirit Island,45321,https://cf.geekdo-images.com/kjCm4ZvPjIZxS-mYgSPy1g__micro/img/sRPer5FmBxyV527MY67P-gM7ukg=/fit-in/64x64/filters:strip_icc()/pic7013651.jpg
150376,Dead of Winter: A Crossroads Game,44910,https://cf.geekdo-images.com/g4mV4BH-ZrhMUVgil-yV1A__micro/img/ZhSCXIt8SnBX5rB2WcwLz3bSM3s=/fit-in/64x64/filters:strip_icc()/pic3016500.jpg
237182,Root,44853,https://cf.geekdo-images.com/JUAUWaVUzeBgzirhZNmHHw__micro/img/tdHLiMYfi-KTy89sGBGZVeE9ts0=/fit-in/64x64/filters:strip_icc()/pic4254509.jpg
183394,Viticulture Essential Edition,44841,https://cf.geekdo-images.com/l_PRU2lVlX9seScRFcvFlA__micro/img/3EqHlTkNSnZNFHVaAeFSpzfzuIQ=/fit-in/64x64/filters:strip_icc()/pic6500949.jpg
10547,Betrayal at House on the Hill,44375,https://cf.geekdo-images.com/lqmt2Oti_qJS65XqHcB8AA__micro/img/zIEsV9_V8WN9ylHsYXq943NEAVk=/fit-in/64x64/filters:strip_icc()/pic5146864.png
204583,Kingdomino,44347,https://cf.geekdo-images.com/3h9W8BfB_rltQ48EBmHliw__micro/img/IZZUaqRfMzLAe8W_75bf6dJf1fo=/fit-in/64x64/filters:strip_icc()/pic3132685.png
170216,Blood Rage,44340,https://cf.geekdo-images.com/HkZSJfQnZ3EpS214xtuplg__micro/img/7xdR1_OUo1ReAvYzhi7jBhFMHu0=/fit-in/64x64/filters:strip_icc()/pic2439223.jpg
50,Lost Cities,44261,https://cf.geekdo-images.com/AL5D-dXabY-Lk3PqIFk_0g__micro/img/egCl5r5w1z-09j42C8aT6H0ZbCU=/fit-in/64x64/filters:strip_icc()/pic4597095.jpg
11,Bohnanza,44197,https://cf.geekdo-images.com/8SADtu_4zBH_UJrCo935Iw__micro/img/h7UKVnxQf4sFlRKTreI4s9LjpGM=/fit-in/64x64/filters:strip_icc()/pic6348964.jpg
131357,Coup,44108,https://cf.geekdo-images.com/MWhSY_GOe2-bmlQ2rntSVg__micro/img/iL3opCk77yx3Ea-CFq42fr2Zzvw=/fit-in/64x64/filters:strip_icc()/pic2016054.jpg
133473,Sushi Go!,44042,https://cf.geekdo-images.com/Fn3PSPZVxa3YurlorITQ1Q__micro/img/5W02z7ue5FCrZ882ob5d45_Njo4=/fit-in/64x64/filters:strip_icc()/pic1900075.jpg
244521,The Quacks of Quedlinburg,43477,https://cf.geekdo-images.com/pH5LgRL4mNRon-2NsSDb1Q__micro/img/pAWwGfiqFpn-kkzUKexMTZOvoA4=/fit-in/64x64/filters:strip_icc()/pic6137509.png
147020,Star Realms,42978,https://cf.geekdo-images.com/EsJqPL5CB_TMt0MYL-lnVg__micro/img/eelKJsOhi3OHtLnI_YeHwlhWcnk=/fit-in/64x64/filters:strip_icc()/pic1903816.jpg
70919,Takenoko,42634,https://cf.geekdo-images.com/uvz-5V6A2R6dp2oWIXmj_g__micro/img/gOlO-vIylsYpFEUx3Yg-g3RU4gY=/fit-in/64x64/filters:strip_icc()/pic1912529.jpg
121921,Robinson Crusoe: Adventures on the Cursed Island,41584,https://cf.geekdo-images.com/FbFnaTx3aT5dM18K_bR_Pg__micro/img/brcsM5-72GgeBDQg3CSI6VB1Dqo=/fit-in/64x64/filters:strip_icc()/pic3165731.jpg
181304,Mysterium,41184,https://cf.geekdo-images.com/wfeAiLK5n5hD1omhnlYLLA__micro/img/h46gu5K43dO5LSTwM-pTIjxP1iI=/fit-in/64x64/filters:strip_icc()/pic2601683.jpg
205637,Arkham Horror: The Card Game,40330,https://cf.geekdo-images.com/B5F5ulz0UivNgrI9Ky0euA__micro/img/DnDtwD_7oQR982carXqiVfhOQog=/fit-in/64x64/filters:strip_icc()/pic3122349.jpg
41114,The Resistance,39767,https://cf.geekdo-images.com/cAPTkL2BR3snLO71dkH8rw__micro/img/1do9W6acF9kucghKFoEeEYXrRO0=/fit-in/64x64/filters:strip_icc()/pic2576459.jpg
157354,Five Tribes,39679,https://cf.geekdo-images.com/dmo-WD6HZHVUPrbVHunaTw__micro/img/fxKL3MvU00YeEkfeLNdQGUl5rxA=/fit-in/64x64/filters:strip_icc()/pic2055255.jpg
224517,Brass: Birmingham,39669,https://cf.geekdo-images.com/x3zxjr-Vw5iU4yDPg70Jgw__micro/img/4Od3GYCiqptga0VbmyumPbJlBsU=/fit-in/64x64/filters:strip_icc()/pic3490053.jpg
201808,Clank!: A Deck-Building Adventure,39378,https://cf.geekdo-images.com/DPjV1iI0ygo5Bl3XLNRiIg__micro/img/5hO7ln_bquTyy4Q__ksB4NT1gMs=/fit-in/64x64/filters:strip_icc()/pic4449526.jpg
15987,Arkham Horror,38882,https://cf.geekdo-images.com/9cJf4kd_HZQo6NunfJlo9w__micro/img/kOmgY2TommKpz2SMS5DjeHBqiQ8=/fit-in/64x64/filters:strip_icc()/pic175966.jpg
193738,Great Western Trail,38839,https://cf.geekdo-images.com/u1l0gH7sb_vnvDvoO_QHqA__micro/img/xeShpQfbj4L1id-ItJbfIYVzgyA=/fit-in/64x64/filters:strip_icc()/pic4887376.jpg
463,Magic: The Gathering,38044,https://cf.geekdo-images.com/CxJmNl4wR4InjqyNrMdBTw__micro/img/2KwThQyxR7-2gJiClbhVHH4q2j0=/fit-in/64x64/filters:strip_icc()/pic163749.jpg
124361,Concordia,37869,https://cf.geekdo-images.com/CzwSm8i7tkLz6cBnrILZBg__micro/img/FQyxREkHBn7yTbGmBg7c44eLgaM=/fit-in/64x64/filters:strip_icc()/pic3453267.jpg
199561,Sagrada,37764,https://cf.geekdo-images.com/PZt3EAAGV3dFIVuwMR0AEw__micro/img/2cQEToClZgtLT-oBM_2CH4wq7rs=/fit-in/64x64/filters:strip_icc()/pic3525224.jpg
126163,Tzolk'in: The Mayan Calendar,37504,https://cf.geekdo-images.com/kXf7mDyDYuHg6oe8yTUIEA__micro/img/3EqJtoxAlTb2pJWxmA7TUu4HWNI=/fit-in/64x64/filters:strip_icc()/pic4604439.jpg
284083,The Crew: The Quest for Planet Nine,37349,https://cf.geekdo-images.com/98LnQShydr11OBKS46xY-Q__micro/img/bIVTqYzQ5wDuCSmcQvpNokXZOUo=/fit-in/64x64/filters:strip_icc()/pic5687013.jpg
194655,Santorini,36809,https://cf.geekdo-images.com/665Ply7Ho1WVf1v1iZlWeg__micro/img/Rm_hVQbgjC4GtGExcdX4LRUr9xU=/fit-in/64x64/filters:strip_icc()/pic3283110.png
312484,Lost Ruins of Arnak,36613,https://cf.geekdo-images.com/6GqH14TJJhza86BX5HCLEQ__micro/img/2FKVaukjh9a-Kg9LWQuMSvLS34s=/fit-in/64x64/filters:strip_icc()/pic5674958.jpg
316554,Dune: Imperium,36244,https://cf.geekdo-images.com/PhjygpWSo-0labGrPBMyyg__micro/img/mfU7-dEFnVyXJrF-BWAO0buexao=/fit-in/64x64/filters:strip_icc()/pic5666597.jpg
37111,Battlestar Galactica: The Board Game,35775,https://cf.geekdo-images.com/5Q2w2rFJiFI_uV89KP6ECg__micro/img/KGgAsbHUPaEjsl-r05JCH2ixP1o=/fit-in/64x64/filters:strip_icc()/pic354500.jpg
2655,Hive,35453,https://cf.geekdo-images.com/fQe85tsBZoH6ibPnm1k1UA__micro/img/vwQ2m-oEzgPoxd0qY1WdkV5VsMI=/fit-in/64x64/filters:strip_icc()/pic791151.jpg
146021,Eldritch Horror,35013,https://cf.geekdo-images.com/oxdsZKIX5_3ovDo38EIaeg__micro/img/gx6OxFzIkjvAvXPs8CDcucwwhak=/fit-in/64x64/filters:strip_icc()/pic1872452.jpg
171,Chess,34705,https://cf.geekdo-images.com/0-DjGBOko6RV8zg5ejhYIg__micro/img/n8JMXbdsFDJFNzBi0FuwcMAHcJU=/fit-in/64x64/filters:strip_icc()/pic260745.jpg
157969,Sheriff of Nottingham,34503,https://cf.geekdo-images.com/BBgLFKUzr6tcKtlIM2JSFw__micro/img/uC3uIIGLo0BhvJvAqudLvUAAgFQ=/fit-in/64x64/filters:strip_icc()/pic2075830.jpg
181,Risk,34361,https://cf.geekdo-images.com/Oem1TTtSgxOghRFCoyWRPw__micro/img/znOtIrO7BqXQp5VpCHb3D0eSXKA=/fit-in/64x64/filters:strip_icc()/pic4916782.jpg
1406,Monopoly,34229,https://cf.geekdo-images.com/9nGoBZ0MRbi6rdH47sj2Qg__micro/img/-1Mja8HW6fOJdSo-hpYeFN3Bi5o=/fit-in/64x64/filters:strip_icc()/pic5786795.jpg
205059,Mansions of Madness: Second Edition,34029,https://cf.geekdo-images.com/LIooA9bTdjnE9qmhjL-UFw__micro/img/rsUu4YzIErI1oi6TRRA-cKiS-I0=/fit-in/64x64/filters:strip_icc()/pic3118622.jpg
102794,Caverna: The Cave Farmers,33330,https://cf.geekdo-images.com/rz22tqa5PCYvK9oDjIbvxg__micro/img/sog7ni3vUAAfvd66e6XW4iOca4I=/fit-in/64x64/filters:strip_icc()/pic1790789.jpg
31481,Galaxy Trucker,33267,https://cf.geekdo-images.com/gLFt1Kif5Cfag505_COYYw__micro/img/ASahw-52DR8YMBuZEKT0IMfTR98=/fit-in/64x64/filters:strip_icc()/pic3926631.jpg
103343,A Game of Thrones: The Board Game (Second Edition),33209,https://cf.geekdo-images.com/M_7UvwZvuxBVjxdadsa5AA__micro/img/x2rrNnIkbPJ6WRK4RUR-zi_0qPg=/fit-in/64x64/filters:strip_icc()/pic1077906.jpg
40834,Dominion: Intrigue,33083,https://cf.geekdo-images.com/OGOmpi0GgwOwH2y28QgkuA__micro/img/VlsgqS2v915vSCwTPVWFVms0-TY=/fit-in/64x64/filters:strip_icc()/pic460011.jpg
342942,Ark Nova,32905,https://cf.geekdo-images.com/SoU8p28Sk1s8MSvoM4N8pQ__micro/img/LSAi1pmhbTbWwtBrziutDOXzfdY=/fit-in/64x64/filters:strip_icc()/pic6293412.jpg
6249,Alhambra,32584,https://cf.geekdo-images.com/OiqKsYDh7pqeRYKG__kMSw__micro/img/8_yyl8aIZl81tGDcrA63oEut1Qs=/fit-in/64x64/filters:strip_icc()/pic4893652.jpg
96848,Mage Knight Board Game,32213,https://cf.geekdo-images.com/DUO2hz9AlLOH8p9ED-lCWg__micro/img/eXzdbUmCbIdMIVgiQ_QwS3YNOS4=/fit-in/64x64/filters:strip_icc()/pic1083380.jpg
192291,Sushi Go Party!,32140,https://cf.geekdo-images.com/2f9uTicUSXkdPp2Yks6zFw__micro/img/bcGCmb0wFkHaWhw4TgIxWtX6cA4=/fit-in/64x64/filters:strip_icc()/pic5885689.jpg
128882,The Resistance: Avalon,32030,https://cf.geekdo-images.com/LPa6rsGcv8S0-OeNjCOAEQ__micro/img/8M4thDSUeVjibYt8WhfUmbf6qUo=/fit-in/64x64/filters:strip_icc()/pic1398895.jpg
143884,Machi Koro,31816,https://cf.geekdo-images.com/_lI2eUDHfesfe5SswJiFAg__micro/img/Y39W_jja7SpxS51fT8oZ15UrkiI=/fit-in/64x64/filters:strip_icc()/pic4783831.png
39463,Cosmic Encounter,31711,https://cf.geekdo-images.com/S8cE-Ld7XP5sVz-upKJ-Bg__micro/img/FgIh_ZojT_pTwaVROFnSpE2T0WU=/fit-in/64x64/filters:strip_icc()/pic1521633.jpg
172225,Exploding Kittens,31109,https://cf.geekdo-images.com/N8bL53-pRU7zaXDTrEaYrw__micro/img/KSzqcUIsIsan_BmrdQuUFhyk_eA=/fit-in/64x64/filters:strip_icc()/pic2691976.png
320,Scrabble,31009,https://cf.geekdo-images.com/mVmmntn2oQd0PfFrWBvwIQ__micro/img/jbVAipPy6sXqMPQuTxPyOXtiLoo=/fit-in/64x64/filters:strip_icc()/pic404651.jpg
9220,Saboteur,30902,https://cf.geekdo-images.com/0vJwP6NGa7GHPZKC3gplUw__micro/img/23uXzOKOsmezlpcTON9BWJB_ac4=/fit-in/64x64/filters:strip_icc()/pic3989824.jpg
132531,Roll for the Galaxy,30790,https://cf.geekdo-images.com/nhoyoLpYPC2b3UiJ5kJ0yg__micro/img/FeJTY6p1rR-_4L51ukxDOXrjXTY=/fit-in/64x64/filters:strip_icc()/pic1473629.jpg
158899,Colt Express,30548,https://cf.geekdo-images.com/2HKX0QANk_DY7CIVK5O5fQ__micro/img/QItYzt8AZP1UN9fEv6oW2JegBwE=/fit-in/64x64/filters:strip_icc()/pic2869710.jpg
3955,BANG!,30508,https://cf.geekdo-images.com/_04xA-d-rfygm0c49HE4vA__micro/img/Ig0GAkviWAbNjCNDYXCDixkCFDY=/fit-in/64x64/filters:strip_icc()/pic1170986.jpg
35677,Le Havre,30457,https://cf.geekdo-images.com/y7Rqd3S6J7vyVhicR1bqTQ__micro/img/c1qPt4uwG4qhjxmrgtIuKulwQkI=/fit-in/64x64/filters:strip_icc()/pic6091101.jpg
187645,Star Wars: Rebellion,30299,https://cf.geekdo-images.com/7SrPNGBKg9IIsP4UQpOi8g__micro/img/nEvTiCkWpT-ymH4bstc9c335TtQ=/fit-in/64x64/filters:strip_icc()/pic4325841.jpg
148949,Istanbul,30164,https://cf.geekdo-images.com/PHH9Mreen2sBcxV6ZsE3ew__micro/img/m-r0Enm97qaLW82OqcE9DSPasNc=/fit-in/64x64/filters:strip_icc()/pic1885326.jpg
136063,Forbidden Desert,29909,https://cf.geekdo-images.com/OU26qQZoHJodxSFKiR5IzA__micro/img/DVq1Wq3vlHJ1Nvw_uRDOJVkxs8k=/fit-in/64x64/filters:strip_icc()/pic1528722.jpg
182028,Through the Ages: A New Story of Civilization,29891,https://cf.geekdo-images.com/fVwPntkJKgaEo0rIC0RwpA__micro/img/77dZJpqtydc8TTecl0ReGF7iAVw=/fit-in/64x64/filters:strip_icc()/pic2663291.jpg
291457,Gloomhaven: Jaws of the Lion,29787,https://cf.geekdo-images.com/_HhIdavYW-hid20Iq3hhmg__micro/img/OdKjWiFsNvQAfJfXXSITttiozWE=/fit-in/64x64/filters:strip_icc()/pic5055631.jpg
124742,Android: Netrunner,29428,https://cf.geekdo-images.com/2ewHIIG_TRq8bYlqk0jIMw__micro/img/U5irACQ5P-7X9XyeDWj71ai-Ruw=/fit-in/64x64/filters:strip_icc()/pic3738560.jpg
164928,Orléans,29355,https://cf.geekdo-images.com/nagl1li6kYt9elV9jbfVQw__micro/img/hUKCvnqgFvTl0aOMd8FLkgCObT0=/fit-in/64x64/filters:strip_icc()/pic6228507.jpg
10630,Memoir '44,29239,https://cf.geekdo-images.com/2AjxTtgBtZVst8wOAk1NAA__micro/img/3sIDOFBXfYWvBvJGP6sicR6nCtQ=/fit-in/64x64/filters:strip_icc()/pic6974498.jpg
172,For Sale,29238,https://cf.geekdo-images.com/dJh9HkZC346NgPTAicJq_A__micro/img/DgO2JLvIUxkt8F4ENaFM7NH5v8o=/fit-in/64x64/filters:strip_icc()/pic1513085.jpg
18602,Caylus,28725,https://cf.geekdo-images.com/yC7nOSc1x5PT-oNnh6TEcQ__micro/img/R7ZK4KtIIQNR2CJHZ6HtUxEY8ik=/fit-in/64x64/filters:strip_icc()/pic1638795.jpg
244992,The Mind,28540,https://cf.geekdo-images.com/q_JGK291hrhnhiRB0667oA__micro/img/K28CIC2BSPXMf8V_PEktRguLXO4=/fit-in/64x64/filters:strip_icc()/pic3979766.png
233867,Welcome To...,28354,https://cf.geekdo-images.com/g4XmxyKhNVdhC3QPd1purQ__micro/img/nFBdWL9VzYeTpQpxfSx2OkEylaA=/fit-in/64x64/filters:strip_icc()/pic3761012.jpg
42,Tigris & Euphrates,27994,https://cf.geekdo-images.com/soAzNVWglCdVBacNjoCTJw__micro/img/7MXTV2Z2rBL40blbo6F8e1RBeRo=/fit-in/64x64/filters:strip_icc()/pic2338267.jpg
72125,Eclipse,27983,https://cf.geekdo-images.com/cnFppsVNOSTJ-W3APQFuTg__micro/img/dfQTNAju5CUxn6JQl-Pxubac99o=/fit-in/64x64/filters:strip_icc()/pic1974056.jpg
295947,Cascadia,27911,https://cf.geekdo-images.com/MjeJZfulbsM1DSV3DrGJYA__micro/img/x2BDobiHVhQHl7LhBimeU8L1ko4=/fit-in/64x64/filters:strip_icc()/pic5100691.jpg
432,Take 5,27664,https://cf.geekdo-images.com/fejfmCLX0kSSKppT5iv_Pg__micro/img/dAzaMmjEAqGvAWMaMFfRQ2H6IIo=/fit-in/64x64/filters:strip_icc()/pic7649146.jpg
15062,Shadows over Camelot,27211,https://cf.geekdo-images.com/JYqwG_v1B3RhpB7NcmeDOA__micro/img/tLDp_PfGpIhffmf3FQzrBQecJnI=/fit-in/64x64/filters:strip_icc()/pic70547.jpg
16992,Tsuro,27190,https://cf.geekdo-images.com/2V3d4ryhxkS3RoPtDrvpUw__micro/img/KQfGNRFQvnKDiEPIxDnfa0AQfXU=/fit-in/64x64/filters:strip_icc()/pic875761.jpg
50381,Cards Against Humanity,27154,https://cf.geekdo-images.com/nYLrPiI9gnvlrwOrKQ4_CA__micro/img/oXaWmVNmLiNg0a39SnTuqgJEFwE=/fit-in/64x64/filters:strip_icc()/pic2909692.jpg
2223,UNO,26999,https://cf.geekdo-images.com/6V2cU_EV_vPdE_C3MEyMkw__micro/img/Ya3VRAw5FC5Xk9tEPMKLyZjeQTs=/fit-in/64x64/filters:strip_icc()/pic6332152.png
167355,Nemesis,26975,https://cf.geekdo-images.com/tAqLpWxQ0Oo3GaPP3MER1g__micro/img/tivhH093LwCowK-_S7bVF_xha34=/fit-in/64x64/filters:strip_icc()/pic5073276.jpg
146508,T.I.M.E Stories,26927,https://cf.geekdo-images.com/XmwCsjQ3C1Ul53ZN2o8Q-Q__micro/img/YtUIC2NTWAyOpzANjbkNw_IbFAs=/fit-in/64x64/filters:strip_icc()/pic2617634.png
93,El Grande,26799,https://cf.geekdo-images.com/GO282hlXR3RiknU5W4GZjg__micro/img/Ya0GwTP0sOChJ3b0E3Ufmua39gw=/fit-in/64x64/filters:strip_icc()/pic5373572.png
236457,Architects of the West Kingdom,26716,https://cf.geekdo-images.com/OAX7HfOz-9N60StgADzd0g__micro/img/5OEOXKjvrEMh2aT5I-FrAn5-9jo=/fit-in/64x64/filters:strip_icc()/pic3781944.png
122522,Smash Up,26556,https://cf.geekdo-images.com/c1DOHkXD35OcqfPoxoSXlA__micro/img/rn7LdxHdPiX7ryM01VyX5aXBtwE=/fit-in/64x64/filters:strip_icc()/pic1269874.jpg
147949,One Night Ultimate Werewolf,26404,https://cf.geekdo-images.com/KLDb0vR3w8mfaHgIGF0gHw__micro/img/Hri9c-QXMATOKdi4FGc_MY3ca1E=/fit-in/64x64/filters:strip_icc()/pic1809823.jpg
2453,Blokus,26268,https://cf.geekdo-images.com/96YA5wUJDxtPkmPxemr5Qg__micro/img/lSZ9pumreM0SScRXHwRWrgZZnj4=/fit-in/64x64/filters:strip_icc()/pic2197702.jpg
153938,Camel Up,26202,https://cf.geekdo-images.com/1ph2jVOD1MudR1fK1nkwwA__micro/img/6Ai3_Lyuuvv31Vmm1fKM8TSMtFI=/fit-in/64x64/filters:strip_icc()/pic2031446.png
188834,Secret Hitler,26080,https://cf.geekdo-images.com/rAQ3hIXoH6xDcj41v9iqCg__micro/img/6NTv7tbuyr7OxNYMGKkC2tTj4Ek=/fit-in/64x64/filters:strip_icc()/pic5164305.jpg
177736,A Feast for Odin,25886,https://cf.geekdo-images.com/s9oGMCo1fcfV4Dk3EnqLZw__micro/img/JCrcuFDrjVQ64uLbqpH-Pmg6XsU=/fit-in/64x64/filters:strip_icc()/pic3146943.png
263918,Cartographers,25876,https://cf.geekdo-images.com/GifbnAmsA4lfEcDkeaC9VA__micro/img/-B-yH3o3CkeAA2xqNYdQNdX8YFc=/fit-in/64x64/filters:strip_icc()/pic4397932.png
12942,No Thanks!,25424,https://cf.geekdo-images.com/2DyxMVASynw87LRULZuyqA__micro/img/Up29N7QJIaziw9kGlGHErhpJiY0=/fit-in/64x64/filters:strip_icc()/pic4657706.jpg
220308,Gaia Project,24931,https://cf.geekdo-images.com/hGWFm3hbMlCDsfCsauOQ4g__micro/img/odWj2bEnZi9dEcQQrOtYj1e0QLE=/fit-in/64x64/filters:strip_icc()/pic5375625.png
123540,Tokaido,24890,https://cf.geekdo-images.com/-sUA2HQNFHBxOdzHE6Ywlg__micro/img/dQoA_OdfGnxwMGfQMQv00ofwUJw=/fit-in/64x64/filters:strip_icc()/pic3747956.png
104162,Descent: Journeys in the Dark (Second Edition),24860,https://cf.geekdo-images.com/ZN2rpiJ19lg5DZk_iYMMkQ__micro/img/WuYw3bSmWg2YZoaWNtiDqstGo0U=/fit-in/64x64/filters:strip_icc()/pic1180640.jpg
155426,Castles of Mad King Ludwig,24839,https://cf.geekdo-images.com/jVAMlNeDMVZakxJPy-lDrQ__micro/img/joXWuXBNjvurP5_dyLrOXNmpy_k=/fit-in/64x64/filters:strip_icc()/pic7229993.jpg
2653,Survive: Escape from Atlantis!,24832,https://cf.geekdo-images.com/0M2ck50-GanxBWfOHUZ64A__micro/img/2baP3_Bis1a9JJlMUKJQH4G1xu8=/fit-in/64x64/filters:strip_icc()/pic1300182.png
100423,Elder Sign,24705,https://cf.geekdo-images.com/wNCSCl961fMzDUhwetfjTg__micro/img/pd9pjvrY--Igzgont0cIyTUa3jw=/fit-in/64x64/filters:strip_icc()/pic1236119.jpg
103885,Star Wars: X-Wing Miniatures Game,24650,https://cf.geekdo-images.com/yNqgVxaqoZepir7Hzkfe-Q__micro/img/OKIS12HYfJvGuTjHdv1I1aqn2SI=/fit-in/64x64/filters:strip_icc()/pic1603292.jpg
123260,Suburbia,24508,https://cf.geekdo-images.com/1YcHesB7LRvCF8i9vgH7qw__micro/img/RcbDE5V0Sq6fJAJ69iUFtdH5G64=/fit-in/64x64/filters:strip_icc()/pic6009608.png
176494,Isle of Skye: From Chieftain to King,24441,https://cf.geekdo-images.com/GCxsnITFBO1pNXiBYkq_qA__micro/img/UCoDe7Dv8ifIaqR80KH0GnUPc1c=/fit-in/64x64/filters:strip_icc()/pic2524838.jpg
108745,Seasons,24181,https://cf.geekdo-images.com/awmZ9rYy-hTgea6Vdp_OoQ__micro/img/B_j57PuXRinPUE9mPJIe7D9JzVU=/fit-in/64x64/filters:strip_icc()/pic1299390.jpg
209685,Century: Spice Road,24092,https://cf.geekdo-images.com/0_KEDk4lCvryf1Ju3YQJxA__micro/img/1dk76UNWVYXBiYrDt9Z6kABJl_w=/fit-in/64x64/filters:strip_icc()/pic3339551.jpg
171623,The Voyages of Marco Polo,24025,https://cf.geekdo-images.com/n1G7_aWToLAAB7Mqt8iwyA__micro/img/c8Ld-3E8S0devFlugLvyiAEESbY=/fit-in/64x64/filters:strip_icc()/pic2461346.png
164153,Star Wars: Imperial Assault,23868,https://cf.geekdo-images.com/pIQ_MXvaoARRp1loCHJuHg__micro/img/i2soAnlvaDCzWksrpO2By4-GgGA=/fit-in/64x64/filters:strip_icc()/pic2247647.jpg
154203,Imperial Settlers,23821,https://cf.geekdo-images.com/pRwsvyfsRJ-lWWwVJCdXNg__micro/img/WEFU2OrColIqO6sdHtxY83vG_Jc=/fit-in/64x64/filters:strip_icc()/pic2871265.jpg
254640,Just One,23793,https://cf.geekdo-images.com/ocAuKT9hp99yBY77e4uuPg__micro/img/wS2Y2UOKL2XZRM-W31Gpi5EuQs8=/fit-in/64x64/filters:strip_icc()/pic5137279.jpg
28720,Brass: Lancashire,23711,https://cf.geekdo-images.com/tHVtPzu82mBpeQbbZkV6EA__micro/img/jM8d5Q5btvJmcWQN_px-A-nlueI=/fit-in/64x64/filters:strip_icc()/pic3469216.jpg
18,RoboRally,23631,https://cf.geekdo-images.com/eJx8hRJ6-86C2VrhECwEPA__micro/img/IfPMof4TY56v0V85kPR24rDXKb4=/fit-in/64x64/filters:strip_icc()/pic1000553.jpg
77423,The Lord of the Rings: The Card Game,23611,https://cf.geekdo-images.com/ZmXi5BbtoWl58ZnKcUy1vw__micro/img/e5AtJJGUBkPjdiJR4RCzckfokLc=/fit-in/64x64/filters:strip_icc()/pic906495.jpg
100901,Flash Point: Fire Rescue,23577,https://cf.geekdo-images.com/v6bTbxeprDFj1nN4AenvjA__micro/img/Ei3zZMjNSnW0q4SNPoBDiOnrXMA=/fit-in/64x64/filters:strip_icc()/pic1129370.jpg
143741,BANG! The Dice Game,23524,https://cf.geekdo-images.com/BLTFau1Ue-gjX6geQdYrjQ__micro/img/J8UIjJYVvZhmoP4sc4ig1K1hwm0=/fit-in/64x64/filters:strip_icc()/pic2909713.jpg
8217,San Juan,23470,https://cf.geekdo-images.com/kiD03bslLpN_0Qe1LJ8OGg__micro/img/VNweqso3VtsV8cZOuQChDxV_B08=/fit-in/64x64/filters:strip_icc()/pic174174.jpg
12,Ra,22741,https://cf.geekdo-images.com/k7lG683LBZdvFyS-FH-MpA__micro/img/KhJhgvXaS2iO0fIatSM9zrHmbcA=/fit-in/64x64/filters:strip_icc()/pic6746812.png
107529,Kingdom Builder,22714,https://cf.geekdo-images.com/kJOP_BICVX-88sKqFRh9PQ__micro/img/719wrvZGx8SkxkVx1-itMHpGUMU=/fit-in/64x64/filters:strip_icc()/pic1152359.jpg
104006,Village,22667,https://cf.geekdo-images.com/5FBIAvZi3Sw8dvmfwwJTjg__micro/img/JzEMolI9R4zQqrQ4aQEa3YlTky8=/fit-in/64x64/filters:strip_icc()/pic2760568.jpg
73439,Troyes,22543,https://cf.geekdo-images.com/fBIe-aEPtJKC-ceNlspK6A__micro/img/6ZLZgf_o1omV4ijqi2OLJWK_GM0=/fit-in/64x64/filters:strip_icc()/pic750583.jpg
170042,Raiders of the North Sea,22476,https://cf.geekdo-images.com/hXdfAhgZ8OeyWLunt36wlw__micro/img/qdkWYsmTq_dyuJU5YCVCZMQrkAI=/fit-in/64x64/filters:strip_icc()/pic3578101.jpg
218603,Photosynthesis,22399,https://cf.geekdo-images.com/HhkYuVxMy-XrRCBWmZ78Eg__micro/img/DPyT6Ft66g7FKKN_DwAjGrq7JOM=/fit-in/64x64/filters:strip_icc()/pic3364832.jpg
244522,That's Pretty Clever!,22354,https://cf.geekdo-images.com/3-unuy5JW1cC8C6EUBNiOA__micro/img/paSoM8bH12xJsE0csH_LrUq0JU8=/fit-in/64x64/filters:strip_icc()/pic4410877.jpg
122515,Keyflower,22241,https://cf.geekdo-images.com/HbfgxDJZQnNEZQKvpmJxQg__micro/img/L6e_jaWDU2M5XPhV0lMhPPo26EU=/fit-in/64x64/filters:strip_icc()/pic2278942.jpg
129437,Legendary: A Marvel Deck Building Game,22125,https://cf.geekdo-images.com/ZrRidumkzu62HuwKdgQpHA__micro/img/PVhHfqxWmkfiSLmmL8bXjBeiKZY=/fit-in/64x64/filters:strip_icc()/pic1430769.jpg
217372,The Quest for El Dorado,22026,https://cf.geekdo-images.com/GLXfUI72Qph2136CxWIJww__micro/img/zgqIUCcOmFflyHNdSvnNS9g4Ikg=/fit-in/64x64/filters:strip_icc()/pic7648372.png
161970,Alchemists,21886,https://cf.geekdo-images.com/ztNshEv3Fsm46HCJaEOFPw__micro/img/6amZZCVb_LzbpGfhGjmy4Agph0A=/fit-in/64x64/filters:strip_icc()/pic2241156.png
266524,PARKS,21761,https://cf.geekdo-images.com/mF2cSNRk2O6HtE45Sl9TcA__micro/img/-HROI5hgpItpxFauKvAzFbFgEns=/fit-in/64x64/filters:strip_icc()/pic4852372.jpg
118048,Targi,21748,https://cf.geekdo-images.com/wHg4fOf48cs1kw1PDOk1tQ__micro/img/I3v-kbkcehXvBeP_3-qbaW9U8co=/fit-in/64x64/filters:strip_icc()/pic3958793.jpg
2993,Carcassonne: Expansion 1 – Inns & Cathedrals,21505,https://cf.geekdo-images.com/g9q--tONTL86x2D4NKiM8g__micro/img/B61-t9rIj-BwAn_QQAU6MQdNxII=/fit-in/64x64/filters:strip_icc()/pic2659943.jpg
180263,The 7th Continent,21450,https://cf.geekdo-images.com/OYne8uBCHv5oEgRfpOrV0A__micro/img/8IGVzvGADTyV8kjaMNw-VCBL4TY=/fit-in/64x64/filters:strip_icc()/pic2648303.jpg
198773,Codenames: Pictures,21399,https://cf.geekdo-images.com/Q2u-Nk68Wb1iLjxh_dfsIg__micro/img/XOAPhcYFTV6_GWueoFFEYE2qSAM=/fit-in/64x64/filters:strip_icc()/pic3476592.jpg
233078,Twilight Imperium: Fourth Edition,21298,https://cf.geekdo-images.com/_Ppn5lssO5OaildSE-FgFA__micro/img/2gymaKs35_2yj7eyyA6cYyVmd9c=/fit-in/64x64/filters:strip_icc()/pic3727516.jpg
156129,Deception: Murder in Hong Kong,21210,https://cf.geekdo-images.com/1COY3oeK9aN2_XNimKaNww__micro/img/uH-G0ydUSiNTfVBdoFv_Vy1zGLI=/fit-in/64x64/filters:strip_icc()/pic3033330.jpg
92415,Skull,21199,https://cf.geekdo-images.com/OPrd2iXm43dir7BwKAMOuQ__micro/img/SCXbBfCpDPociLDFDusmHCqhSgs=/fit-in/64x64/filters:strip_icc()/pic6097488.jpg
224037,Codenames: Duet,21187,https://cf.geekdo-images.com/0d1EaMVmAiIBROI2QstFSQ__micro/img/adCgMexDsSnafr71XQ9K72pcEGE=/fit-in/64x64/filters:strip_icc()/pic3596681.jpg
239188,Chronicles of Crime,21147,https://cf.geekdo-images.com/1BMyuEwK0zV9005oYinYLw__micro/img/MZt1YCfdLXYetxeg7tZQaVOok1M=/fit-in/64x64/filters:strip_icc()/pic4317519.jpg
285774,Marvel Champions: The Card Game,21106,https://cf.geekdo-images.com/kRvUgYiaOq07kC67ZK5UoQ__micro/img/4DLQr45lpVBfCkiy-kVwhl4z4vQ=/fit-in/64x64/filters:strip_icc()/pic4900321.jpg
8203,"Hey, That's My Fish!",21089,https://cf.geekdo-images.com/aEtNj7BH3PDwjOcylyDx6w__micro/img/Di079s0VcRKC2fKCj05dwSEkbYE=/fit-in/64x64/filters:strip_icc()/pic7563283.jpg
118,Modern Art,21033,https://cf.geekdo-images.com/wLto-xaabHwKQe_Bc4iD1Q__micro/img/IcevtuHa5wbYSpkiPp4vFOqrDVo=/fit-in/64x64/filters:strip_icc()/pic3458036.png
116,Guillotine,20937,https://cf.geekdo-images.com/9gdaUHNTcgv8RhFhG0kzBw__micro/img/xq4N4MDT04y-YQr9x4_pv6EgDGg=/fit-in/64x64/filters:strip_icc()/pic143139.jpg
37046,Ghost Stories,20900,https://cf.geekdo-images.com/Mfoj66t524ZS5DKMZJlUYQ__micro/img/_kCI2C5b5c67xZI2UB1rvHiRu84=/fit-in/64x64/filters:strip_icc()/pic1790243.jpg
160477,Onitama,20798,https://cf.geekdo-images.com/GJKuOCy5HGAYgVH_Rei5mA__micro/img/g_8DQKslvB7qa3k5nrw9qqB2xW8=/fit-in/64x64/filters:strip_icc()/pic7070194.jpg
54998,Cyclades,20781,https://cf.geekdo-images.com/6QbaJOS8acWkJ6gSYI0KaQ__micro/img/3_lU4yZ94uRNnejhaWhZMekSXgA=/fit-in/64x64/filters:strip_icc()/pic584779.jpg
166384,Spyfall,20676,https://cf.geekdo-images.com/Ehx72XRdSeQHISVXcZVnHg__micro/img/ldZfZ5bQAIYKfHSjWxBzj5uIpWg=/fit-in/64x64/filters:strip_icc()/pic2453926.jpg
5782,Coloretto,20529,https://cf.geekdo-images.com/pd3qaiROSgTJ5js_0e4Nhw__micro/img/WEe_LRTLWjVrqTU98LRv9nMRj7I=/fit-in/64x64/filters:strip_icc()/pic6653783.png
2511,Sherlock Holmes Consulting Detective: The Thames Murders & Other Cases,20508,https://cf.geekdo-images.com/ptDZ2tJ6dSNiONAx3HH8Tw__micro/img/oG1Tt-dugnxtcq2xclh1AcrjG6s=/fit-in/64x64/filters:strip_icc()/pic3514298.jpg
194594,Dice Forge,20449,https://cf.geekdo-images.com/4BTVGQWO0M9ayxyku3FW6Q__micro/img/kp9DQn-4JnTGYyNIpAyADkQpY_o=/fit-in/64x64/filters:strip_icc()/pic3477004.jpg
62219,Dominant Species,20445,https://cf.geekdo-images.com/oeygRZntjNUJWvc8SxDfww__micro/img/gXi23Nbfem6XTfRlV2eHEHB_cHY=/fit-in/64x64/filters:strip_icc()/pic784193.jpg
43570,Friday,20389,https://cf.geekdo-images.com/7bBUuYUIyKIBDh_UnNa_Fw__micro/img/nmxIKcPYOSBi90lauhH7-zkgQEQ=/fit-in/64x64/filters:strip_icc()/pic1513328.jpg
15512,Incan Gold,20303,https://cf.geekdo-images.com/GueRjF-4bGb2kiK6oTFBDA__micro/img/OYyYYkBvxpbRUoglbCceNnS8Kl0=/fit-in/64x64/filters:strip_icc()/pic4195192.jpg
209778,Magic Maze,20259,https://cf.geekdo-images.com/wJfDIveg2zpTGn8E1WzEpA__micro/img/wPo47UfrkY_CLaO0fihpBdc6tss=/fit-in/64x64/filters:strip_icc()/pic3268473.jpg
92828,Dixit: Odyssey,20168,https://cf.geekdo-images.com/7b75ZZJQ4EEbDsKLi6kYSw__micro/img/25AacLyInvpafP8h3Fn5b_EZn4E=/fit-in/64x64/filters:strip_icc()/pic918568.jpg
205896,Rising Sun,20164,https://cf.geekdo-images.com/iwevA6XmiNLHn1QnGUucqw__micro/img/CGB3Ihk0wWICh8wG6_Wp2pbGoCk=/fit-in/64x64/filters:strip_icc()/pic3880340.jpg
171131,Captain Sonar,20155,https://cf.geekdo-images.com/Dpu5nFJu4UUJ4Y50WyKueg__micro/img/74FcqqkSUatvz5C2CkdW2q04UCE=/fit-in/64x64/filters:strip_icc()/pic7069368.jpg
262712,Res Arcana,19862,https://cf.geekdo-images.com/gcALy45JfcjyKUn6T3mBIQ__micro/img/lGAmt1ncLJQjn8D9eilWID5pVNA=/fit-in/64x64/filters:strip_icc()/pic4422847.jpg
1294,Clue,19832,https://cf.geekdo-images.com/wNcbhLJGGjakYjjm1gV_kQ__micro/img/iI7Q12fs933BFmGelsBsGNWNli4=/fit-in/64x64/filters:strip_icc()/pic7563466.png
225694,Decrypto,19813,https://cf.geekdo-images.com/hHZWXnUTMYDd_KTAM6Jwlw__micro/img/g7DQGNNf6ZFwYDGpe9kT3e4KELY=/fit-in/64x64/filters:strip_icc()/pic3759421.jpg
5,Acquire,19698,https://cf.geekdo-images.com/FfguJeknahk88vKT7C3JLA__micro/img/PBfZck20tYP26yIhcX3g6d78lB8=/fit-in/64x64/filters:strip_icc()/pic7376875.jpg
54,Tikal,19675,https://cf.geekdo-images.com/ajU3xzGDUKihjNdvjCR1Hw__micro/img/d_IcWZHBpSPpcLIzAUDN7Y3m29o=/fit-in/64x64/filters:strip_icc()/pic3328391.jpg
21790,Thurn and Taxis,19627,https://cf.geekdo-images.com/OlwMFxx9t6HGndTSKaWxhg__micro/img/ZDX5vKF7xVm_xHxa2rhrQlSaxDw=/fit-in/64x64/filters:strip_icc()/pic115300.jpg
163967,Tiny Epic Galaxies,19600,https://cf.geekdo-images.com/c_87h8o0AOrfCO3hxMjjrA__micro/img/3StPmJGPf7TzK52lGa3wnhXM3jE=/fit-in/64x64/filters:strip_icc()/pic2349732.jpg
115746,War of the Ring: Second Edition,19426,https://cf.geekdo-images.com/ImPgGag98W6gpV1KV812aA__micro/img/NT-Av_3kdYUcwuti5ocmIQXow3g=/fit-in/64x64/filters:strip_icc()/pic1215633.jpg
27162,Kingsburg,19411,https://cf.geekdo-images.com/pHFQxD8va6vOrrNfazVzsg__micro/img/HDLcTms0_KGxE5XIwRI-xpXivi4=/fit-in/64x64/filters:strip_icc()/pic253057.jpg
926,Catan: Cities & Knights,19404,https://cf.geekdo-images.com/XVjc87_UzjIhagFeO4r8ew__micro/img/bd23PopqC_WZasUlVKhJif4tC5I=/fit-in/64x64/filters:strip_icc()/pic2420315.jpg
216132,Clans of Caledonia,19394,https://cf.geekdo-images.com/SPuwc6RJ6y4PnTH36Pegsg__micro/img/wWI0kOjt4L4TOOV_Dn2BLthq5QQ=/fit-in/64x64/filters:strip_icc()/pic3511783.png
28023,Jamaica,19352,https://cf.geekdo-images.com/jZRfv3isrBG5waCzEx60Cw__micro/img/EU7d-yPXqtVCLzkW_MU3uMHERdU=/fit-in/64x64/filters:strip_icc()/pic6434838.png
169426,Roll Player,19243,https://cf.geekdo-images.com/enmQAOQl99U6wiQvZoL5GQ__micro/img/z4AffmYyVibrMQn4YhLrJ2TvFZQ=/fit-in/64x64/filters:strip_icc()/pic2556921.jpg
25669,Qwirkle,19213,https://cf.geekdo-images.com/k7zHj8j_a6uUAtXUt5Fvuw__micro/img/hqcmNqqB2ItF8njCrTm1wCkQcwA=/fit-in/64x64/filters:strip_icc()/pic309353.jpg
12493,Twilight Imperium: Third Edition,19142,https://cf.geekdo-images.com/MHeQQrbauUVsvh2QF6PMog__micro/img/qq2rc5GmKHOr8Dpn5Q8di_FD6Cg=/fit-in/64x64/filters:strip_icc()/pic4128153.jpg
